EmployeeID,Age,Gender,Department,JobRole,Education,MonthlyIncome,YearsAtCompany,JobSatisfaction,PerformanceRating,DistanceFromHomeKM,OverTime,JoinDate,Attrition,EmployeeCountFlag,RandomSurveyCode
EMP10507,23,Female,Finance,Accountant,Bachelor's,2227.56,8,3.0,1,1.8,No,2019-07-23,No,1,448909
EMP10740,29,Male,Finance,Accountant,High School,5558.6,15,1.0,3,5.7,Yes,2022-02-16,No,1,724794
EMP10278,45,Female,sales,Brand Manager,,6167.63,3,4.0,1,16.7,No,2016-07-16,Yes,1,571964
EMP10929,35,Male,HR,HR Manager,Bachelor's,5492.97,0,1.0,2,0.8,Yes,2024-08-19,No,1,397616
EMP10632,34,Male,Support,Support Lead,Bachelor's,5433.06,1,,3,9.6,No,2015-03-23,No,1,441126
EMP11044,31,Male,Support,Support Executive,Bachelor's,6027.28,1,3.0,4,10.9,Yes,2016-02-25,No,1,380197
EMP10517,52,Male,Sales,Sales Manager,Master's,4787.37,0,4.0,1,9.9,Yes,2018-03-28,No,1,375633
EMP10655,25,Male,Engineering,Software Engineer,Bachelor's,4078.88,6,2.0,2,13.5,Yes,2016-10-29,No,1,304891
EMP11037,35,Male,Marketing,Marketing Executive,Bachelor's,2542.11,0,4.0,2,4.3,No,2023-05-27,No,1,615948
EMP10758,35,Male,Finance,Accountant,Bachelor's,4985.02,1,4.0,4,6.8,No,2020-11-26,No,1,893756
EMP10034,49,Male,Support,Support Lead,Bachelor's,4199.57,0,3.0,4,2.4,No,2016-03-20,No,1,287438
EMP11017,26,Male,Marketing,Brand Manager,Bachelor's,4613.32,0,1.0,1,10.6,No,2024-10-03,Yes,1,432944
EMP10146,33,Male,Engineering,Software Engineer,High School,1200.0,4,2.0,1,0.5,No,2018-04-07,No,1,874410
EMP10721,46,Female,Finance,Analyst,Bachelor's,3249.48,0,3.0,3,5.8,No,2019-09-10,No,1,578689
EMP10350,35,Female,Support,Support Lead,Bachelor's,8199.27,0,4.0,2,25.8,No,2023-05-05,No,1,708691
EMP10135,26,Female,Sales,Sales Manager,Bachelor's,4021.79,2,1.0,1,1.5,No,2018-12-28,No,1,564179
EMP10488,35,Female,HR,HR Manager,Bachelor's,3193.46,0,1.0,1,0.5,No,2024-01-05,No,1,770409
EMP10454,41,Male,HR,HR Executive,Master's,41019.93508181599,2,3.0,4,3.9,No,2016-11-10,No,1,189103
EMP10272,21,Male,sales,HR Manager,PhD,6987.15,0,1.0,3,4.3,No,2016-04-27,No,1,589691
EMP10755,34,Female,Engineering,Software Engineer,Bachelor's,5081.09,12,1.0,1,3.9,No,2019-04-20,No,1,399868
EMP10792,46,Female,Support,Support Lead,Master's,5501.17,11,3.0,2,0.5,No,2016-11-13,No,1,400521
EMP11179,36,Male,Sales ,Sales Executive,Bachelor's,4444.9,3,3.0,4,4.2,Yes,2020-04-09,No,1,533417
EMP10172,48,Male,Marketing,Brand Manager,Bachelor's,5709.97,1,1.0,3,6.7,No,2024-08-03,No,1,630071
EMP10679,40,Female,Support,Support Lead,Bachelor's,7915.93,13,1.0,4,3.1,Yes,2017-11-11,No,1,814011
EMP11012,36,Female,Finance,Accountant,Bachelor's,7975.59,1,4.0,2,15.6,No,2021-01-25,No,1,124882
EMP10110,32,Male,HR,HR Executive,Bachelor's,,2,4.0,2,0.9,No,2023-07-10,No,1,394562
EMP10262,36,Male,Sales,Sales Executive,Bachelor's,3110.72,2,1.0,1,2.8,No,2018-08-28,No,1,620547
EMP10363,37,Male,SALES,Senior Engineer,Master's,6798.71,2,2.0,3,5.1,No,2019-07-09,No,1,173298
EMP10280,44,Male,Sales,Sales Manager,Master's,4600.42,1,2.0,2,3.8,No,2024-09-06,No,1,296150
EMP10832,41,Male,Support,Support Executive,Bachelor's,4240.55,1,4.0,2,2.2,No,2020-12-16,Yes,1,724992
EMP10128,33,Female,Finance,Accountant,Bachelor's,2232.88,5,3.0,3,8.0,No,2016-09-12,Yes,1,623089
EMP10216,34,Female,Finance,Analyst,Bachelor's,3514.49,2,4.0,1,12.9,No,2025-02-10,No,1,724702
EMP10824,27,Female,HR,HR Manager,Master's,4926.87,2,3.0,3,8.6,No,2024-02-20,Yes,1,314227
EMP10665,34,Male,Sales,Sales Executive,Bachelor's,3187.41,2,4.0,2,1.9,yes,2019-06-11,No,1,458487
EMP10936,40,Male,Finance,Analyst,Master's,5428.59,1,1.0,2,7.2,No,2023-05-16,No,1,306405
EMP10462,150,Female,Support,Support Lead,Bachelor's,6774.39,0,1.0,4,6.5,No,2016-04-03,No,1,158383
EMP10587,25,Male,Finance,Analyst,Bachelor's,7210.18,5,,1,3.3,Yes,2023-09-21,Yes,1,250725
EMP10463,39,Female,Finance,Analyst,Bachelor's,4515.58,2,4.0,2,,No,2016-12-23,No,1,407217
EMP10051,41,Female,Engineering,QA Engineer,Master's,3985.58,1,4.0,4,11.3,No,2020-03-26,Yes,1,503420
EMP10796,36,Male,Support,Support Lead,Master's,4027.19,0,3.0,1,25.5,No,2015-05-11,No,1,927308
EMP10752,24,Female,Engineering,QA Engineer,High School,4230.28,5,1.0,3,6.0,No,2016-03-29,Yes,1,405196
EMP10902,31,Male,sales,Brand Manager,High School,36515.453955130775,4,3.0,1,6.2,No,2021-05-05,Yes,1,166224
EMP10590,23,Female,HR,HR Executive,Bachelor's,3018.08,0,1.0,1,2.1,No,2015-09-21,Yes,1,131850
EMP10945,40,Female,Engineering,QA Engineer,High School,6780.1,5,4.0,2,27.0,No,2022-10-26,No,1,413539
EMP10170,25,Female,HR,HR Manager,Bachelor's,,13,1.0,3,2.9,No,2022-02-06,Yes,1,996478
EMP10760,27,Female,HR,HR Executive,PhD,7169.91,2,4.0,1,3.7,No,2022-03-16,No,1,653737
EMP10877,18,Female,Finance,Analyst,Bachelor's,2492.84,3,4.0,4,2.9,No,2017-05-11,Yes,1,296070
EMP10027,38,Female,Engineering,Senior Engineer,Master's,3821.27,1 yrs,4.0,3,0.6,Yes,2022-03-04,No,1,189201
EMP10474,39,Female,Support,Support Lead,Master's,3105.72,0,3.0,2,1.4,No,2024-04-26,No,1,296747
EMP10506,64,Female,Marketing,Marketing Executive,Bachelor's,6214.73,13,3.0,2,2.6,No,2017-08-29,No,1,826999
EMP10063,21,Male,Sales,Sales Manager,PhD,7038.23,3,3.0,1,13.0,No,2015-08-18,No,1,453131
EMP10667,55,Male,Finance,Accountant,Master's,4195.61,2,2.0,2,12.1,No,2019-12-29,No,1,131788
EMP10892,45,Male,Support,Support Executive,High School,4256.28,0,3.0,1,34.7,Yes,2024-07-10,Yes,1,428381
EMP10536,36,,Support,Support Lead,Bachelor's,6586.19,1,3.0,3,11.4,Yes,2023-11-26,No,1,700278
EMP10447,26,Female,Marketing,Marketing Executive,Master's,2908.86,6,1.0,2,3.6,No,2021-08-01,No,1,990494
EMP10983,30,,HR,HR Executive,Bachelor's,2858.3,0,2.0,4,9.8,Yes,2021-07-08,No,1,297426
EMP11193,36,Female,Support,Support Executive,Bachelor's,1200.0,1,4.0,1,3.7,No,2017-10-14,No,1,455534
EMP10101,39,Female,HR,HR Executive,Master's,4338.58,8,4.0,3,13.8,No,2023-11-30,No,1,590093
EMP10372,35,Female,Finance,Analyst,High School,6368.58,5,2.0,3,8.6,No,2024-10-28,No,1,219395
EMP10151,33,Female,Engineering,Software Engineer,Bachelor's,4637.51,1,2.0,3,5.8,Yes,2020-11-04,No,1,338137
EMP10289,24,Male,HR,HR Manager,Master's,10628.25,0,2.0,1,8.9,No,2015-02-13,No,1,916125
EMP11083,46,M,Finance,Accountant,High School,9157.237645081284,10,4.0,4,0.7,Yes,2016-01-31,No,1,861625
EMP10046,30,Male,Marketing,Marketing Executive,Master's,9761.91,0,2.0,1,0.5,No,2020-12-15,No,1,654978
EMP10725,33,Male,Support,Support Lead,Bachelor's,5121.12,2,2.0,3,2.7,No,2019-10-26,No,1,755573
EMP10924,25,Male,sales,Analyst,Bachelor's,7156.04,1,1.0,2,10.4,No,2021-10-10,No,1,149932
EMP10377,21,Female,Engineering,Senior Engineer,Bachelor's,8475.71,0,2.0,3,1.4,Yes,2017-07-09,Yes,1,651000
EMP10995,39,Male,Engineering,QA Engineer,Master's,4061.1,3,4.0,3,16.6,No,2015-10-05,No,1,304472
EMP10585,39,Female,HR,HR Executive,Bachelor's,6278.25,7,1.0,2,3.9,No,2022-03-28,No,1,348231
EMP10853,25,Male,HR,HR Executive,PhD,7264.89,1,4.0,2,7.6,Yes,2024-08-28,No,1,929059
EMP10648,27,Male,Marketing,Marketing Executive,Bachelor's,3318.59,3,4.0,2,2.6,No,2019-12-10,No,1,389600
EMP11130,25,Male,Engineering,Senior Engineer,Master's,7010.06,0,2.0,1,6.9,No,2022-02-03,No,1,331161
EMP10578,37,Female,Engineering,QA Engineer,Bachelor's,3374.39,0,1.0,4,2.6,No,2016-08-18,No,1,457205
EMP10782,34,Male,Engineering,Senior Engineer,PhD,1701.7,5,2.0,3,18.2,No,2018-05-14,No,1,127981
EMP11141,48,Male,Marketing,Marketing Executive,Bachelor's,6439.67,2,3.0,4,543.815141268928,Y,2019-05-03,No,1,130061
EMP99009,43,Male,HR,HR Executive,Bachelor's,6308.15,0,3.0,4,9.3,No,2024-01-24,No,1,803210
EMP11057,45,Male,SALES,Accountant,Bachelor's,4089.59,0,1.0,2,6.3,No,2024-03-25,No,1,435141
EMP10562,57,Male,Support,Support Lead,High School,4314.83,3,4.0,3,3.9,No,2023-04-26,No,1,260961
EMP10698,35,Male,Support,Support Executive,Bachelor's,9543.04,1,1.0,1,3.8,No,2020-02-04,No,1,268053
EMP10109,38,Male,Sales,Sales Executive,Master's,3325.02,0,1.0,1,2.7,Yes,2022-10-08,No,1,840813
EMP11023,33,,Finance,Accountant,Bachelor's,6823.79,2,2.0,1,21.3,No,2022-07-16,No,1,837139
EMP11005,41,Male,Sales,Sales Manager,Bachelor's,5208.92 USD,2,2.0,3,14.6,No,2025-04-28,No,1,893303
EMP10641,41,Female,Finance,Accountant,High School,6716.0,0,2.0,3,6.4,no,2017-12-22,No,1,793859
EMP11094,20,Male,Sales,Sales Manager,High School,3344.46,0,2.0,3,6.2,Yes,2017-12-03,Yes,1,570461
EMP10060,19,Female,Engineering,Software Engineer,Master's,3224.52,4,1.0,4,12.6,No,2022-06-03,No,1,443636
EMP10879,43,Female,HR,HR Manager,Bachelor's,2594.85,6,1.0,2,7.9,No,2015-06-29,No,1,478000
EMP10921,30,Male,Sales,Sales Manager,Master's,8014.77,0,4.0,1,7.4,Yes,2021-11-03,No,1,433526
EMP10907,18,Female,HR,HR Manager,Bachelor's,2049.28,1,,1,18.5,No,2018-10-03,No,1,719965
EMP10141,34,Female,Sales,Sales Manager,Bachelor's,4630.46,3,2.0,3,14.3,No,2023-02-04,No,1,704668
EMP10412,25,Male,Sales,Sales Executive,Bachelor's,9557.06,0,1.0,3,0.5,No,2024-04-28,No,1,295318
EMP11146,39,Female,Sales,Sales Executive,Master's,4671.72,1,3.0,1,1.7,Yes,2015-04-28,No,1,120277
EMP10875,39,Female,Engineering,Senior Engineer,Master's,4231.97,3,4.0,1,17.8,No,2015-10-30,Yes,1,296978
EMP10113,24,Male,Support,Support Executive,Bachelor's,4700.83,4,2.0,3,7.0,No,2019-10-30,No,1,123919
EMP11042,25,Female,HR,HR Executive,Bachelor's,7980.29,1,3.0,4,0.9,No,2020-10-13,No,1,352910
EMP10955,30,Female,Finance,Analyst,Bachelor's,6050.55,1,4.0,2,11.5,Yes,2022-08-26,Yes,1,444117
EMP10878,200,Female,Support,Support Executive,High School,6425.06,0,1.0,3,,No,2022-10-08,No,1,577125
EMP10471,30,Male,Marketing,Marketing Executive,Master's,6098.4,3,4.0,1,6.1,No,2023-06-20,No,1,462555
EMP11174,29,Male,HR,HR Executive,Bachelor's,4344.08,6,3.0,3,20.1,No,2021-04-07,No,1,219664
EMP10351,47,Male,Support,Support Executive,Master's,6022.14,5,3.0,1,11.6,No,2019-08-30,No,1,616172
EMP10009,19,Female,Engineering,QA Engineer,Bachelor's,2316.35,2,2.0,4,8.1,Yes,2017-09-28,No,1,800875
EMP10367,27,Female,Support,Support Lead,Master's,5850.01,2,3.0,1,1.3,No,2016-02-03,No,1,436930
EMP10053,45,Male,Engineering,Software Engineer,Bachelor's,1200.0,0,2.0,1,26.8,No,2023-04-07,No,1,786611
EMP10523,24,Male,Sales,Sales Executive,Bachelor's,5107.63,4,4.0,2,3.6,Yes,2017-09-12,No,1,427461
EMP11122,34,Male,HR,HR Manager,Bachelor's,2597.95,1,3.0,2,8.8,Yes,2017-04-19,No,1,656058
EMP11128,34,FEMALE,Sales ,HR Executive,Bachelor's,2703.48,0,2.0,1,7.7,No,2023-06-11,No,1,797230
EMP10285,18,Female,HR,HR Executive,Master's,3260.14,3,2.0,1,6.3,N,2019-11-18,No,1,810914
EMP10179,41,Male,Marketing,Brand Manager,Bachelor's,6545.28,5,4.0,1,12.4,No,2022-01-08,No,1,498565
EMP10040,32,Male,Engineering,Senior Engineer,Master's,7324.94,3,1.0,4,2.8,Yes,2023-05-04,No,1,971375
EMP10451,36,Male,Sales ,Analyst,Bachelor's,6106.04,1,3.0,2,0.6,No,2020-10-21,No,1,782200
EMP10697,23,Female,Finance,Analyst,High School,3438.27,0,3.0,4,6.2,No,2022-12-16,No,1,435899
EMP10597,21,Female,Marketing,Brand Manager,PhD,5645.14,3,4.0,2,4.1,No,2017-12-15,No,1,765674
EMP10713,28,Female,Marketing,Brand Manager,Master's,2546.82,0,1.0,3,0.6,No,2023-10-24,No,1,123196
EMP10189,32,Female,HR,HR Manager,Bachelor's,4210.69 USD,7,3.0,2,1.0,No,2020-08-22,Yes,1,357934
EMP10083,38,Male,Support,Support Lead,Master's,12493.48,0,2.0,2,5.0,No,2018-07-08,No,1,439485
EMP10569,38,Male,Engineering,QA Engineer,Bachelor's,6499.97,0,4.0,4,2.4,Yes,2019-07-12,No,1,551919
EMP10882,40,Female,Marketing,Brand Manager,Master's,4583.33,4,,3,14.2,Yes,2019-03-30,No,1,834936
EMP10971,38,Male,Support,Support Lead,High School,7015.94,12,3.0,2,14.0,No,2021-04-18,Yes,1,151793
EMP10098,28,Female,Engineering,Senior Engineer,Bachelor's,6894.6,4,2.0,4,6.4,No,2015-12-15,Yes,1,898616
EMP10557,36,Female,Sales,Sales Manager,Master's,5875.38,1,3.0,4,4.5,Yes,2022-04-22,No,1,108401
EMP10773,23,Female,Support,Support Lead,High School,8040.41,1,2.0,4,0.8,No,2021-04-26,No,1,211520
EMP10379,25,Male,Engineering,QA Engineer,Bachelor's,7161.55,0,2.0,4,16.8,No,2019-01-21,No,1,559788
EMP10503,28,Male,Finance,Analyst,High School,3777.99,1,3.0,3,7.3,No,2016-04-29,No,1,699560
EMP11106,23,Female,Finance,Analyst,Master's,,4,2.0,4,0.8,No,2016-03-01,No,1,827956
EMP10418,44,Male,Finance,Accountant,Master's,3619.03,0,2.0,2,12.6,Yes,2018-04-10,No,1,715988
EMP10915,39,Male,Marketing,Brand Manager,High School,3391.55,1,3.0,1,7.5,No,2023-12-11,No,1,674159
EMP10228,57,Male,Engineering,Senior Engineer,High School,7962.67,3,,1,8.6,Yes,2015-09-14,No,1,854062
EMP10231,29,Male,Sales,Sales Executive,Master's,6795.15,12,3.0,3,2.6,No,2015-04-06,No,1,645576
EMP11022,25,Male,Finance,Accountant,Bachelor's,4781.47,4,1.0,1,18.5,No,2019-01-16,No,1,149247
EMP11187,43,Male,HR,HR Executive,Bachelor's,6308.15,0,3.0,4,9.3,No,2024-01-24,No,1,803210
EMP10253,47,Male,Marketing,Brand Manager,Master's,8725.65,2,1.0,2,0.9,No,2017-06-12,No,1,988249
EMP11189,26,Male,HR,HR Manager,Bachelor's,4701.76,1,4.0,4,5.8,No,2016-04-25,No,1,835543
EMP10511,38,Female,Sales,Sales Manager,Bachelor's,3813.94,14,3.0,4,8.9,No,2018-04-19,No,1,484238
EMP10054,25,Female,Marketing,Marketing Executive,Master's,6957.87,3,3.0,2,12.2,No,2020-01-08,No,1,374482
EMP10522,39,Male,Sales,Sales Manager,Bachelor's,8331.77,1,3.0,3,3.4,No,2018-01-07,No,1,974986
EMP10903,20,,Engineering,QA Engineer,Bachelor's,8440.2,2,1.0,2,0.8,No,2023-11-20,Yes,1,776975
EMP10683,26,male,Marketing,Marketing Executive,Bachelor's,8200.39,0,4.0,4,2.4,Yes,2024-03-13,No,1,238340
EMP11115,39,Female,HR,HR Manager,High School,2603.0,0,2.0,4,0.5,Yes,2017-07-26,No,1,179793
EMP10399,37,Male,Finance,Accountant,Master's,5178.55,2,2.0,3,5.5,No,2019-10-19,No,1,557913
EMP10097,48,Male,Marketing,Marketing Executive,Master's,9447.61,5,2.0,2,12.3,No,2018-06-09,No,1,477370
EMP10407,39,Female,HR,HR Manager,High School,12696.26,0,4.0,1,0.9,No,2017-05-25,No,1,928325
EMP10636,37,Male,sales,Support Executive,High School,4076.56,9,2.0,2,6.2,No,2024-12-26,No,1,710098
EMP11069,36,Female,Marketing,Marketing Executive,Bachelor's,7890.73,1,1.0,1,2.1,No,2018-05-24,No,1,236797
EMP11013,32,Female,Marketing,Brand Manager,Bachelor's,10145.36,8,3.0,4,1.7,Yes,2019-06-03,No,1,596251
EMP10857,25,Male,HR,HR Executive,PhD,6585.22,3,1.0,1,10.1,No,2019-01-12,No,1,253436
EMP10306,43,Female,Engineering,Senior Engineer,Bachelor's,7208.98,3,4.0,3,0.5,yes,2020-10-02,No,1,179051
EMP10012,38,Female,Engineering,Software Engineer,Bachelor's,2884.72,3,1.0,2,2.8,No,2024-08-16,Yes,1,236348
EMP11077,33,Female,Support,Support Executive,High School,3486.62,5,1.0,2,1.7,No,2023-09-08,Yes,1,256367
EMP10204,43,Male,Support,Support Executive,Master's,6576.64,2,2.0,1,0.5,yes,2024-02-24,No,1,766351
EMP10369,42,Female,Engineering,Senior Engineer,Bachelor's,,2,2.0,1,4.7,No,2018-04-11,No,1,604051
EMP10637,33,Male,Marketing,Marketing Executive,Bachelor's,8285.05,6,4.0,2,2.7,No,2019-01-29,No,1,148423
EMP10473,35,M,Support,Support Executive,Bachelor's,5556.69,3,2.0,3,7.2,No,2016-02-23,Yes,1,106710
EMP10013,37,Male,Support,Support Executive,Bachelor's,7343.88,3,3.0,2,12.9,No,2024-12-03,No,1,398411
EMP11158,33,Female,Marketing,Marketing Executive,Bachelor's,7342.45,9,3.0,4,5.2,Yes,2016-07-16,No,1,793709
EMP10556,36,Female,Marketing,Marketing Executive,Bachelor's,9134.38,3,4.0,3,1.4,Yes,2021-08-11,No,1,610530
EMP11064,30,Male,Support,Support Lead,Bachelor's,8632.4,3,1.0,1,13.4,Yes,2025-03-29,No,1,540461
EMP10452,29,Male,Marketing,Marketing Executive,Bachelor's,3940.29,5,1.0,4,12.1,No,2022-08-04,No,1,260902
EMP10020,24,Male,Support,Support Lead,High School,4764.93,3,1.0,1,2.9,No,2022-09-09,No,1,975807
EMP10618,44,Male,Support,Support Lead,Bachelor's,3393.74,0,3.0,3,4.8,No,2017-10-14,No,1,645754
EMP99001,26,M,Sales,Sales Manager,Bachelor's,6108.11,0,4.0,4,20.0,N,2022-10-08,No,1,837504
EMP10881,25,Female,Engineering,QA Engineer,Bachelor's,4651.05,3,1.0,3,9.3,No,2018-08-11,No,1,158167
EMP11170,38,Female,Engineering,QA Engineer,Bachelor's,5975.97,9,3.0,4,16.0,No,2024-02-28,No,1,102352
EMP10484,30,Female,Support,Support Executive,Master's,,1,3.0,3,5.6,No,2024-09-01,No,1,625167
EMP10742,24,Male,Engineering,Senior Engineer,Bachelor's,7132.25,0,3.0,2,10.7,No,2015-10-26,No,1,581944
EMP11014,44,Female,Engineering,QA Engineer,Bachelor's,,1,3.0,4,24.9,No,2024-07-11,No,1,840973
EMP10651,33,F,Sales,Sales Manager,Master's,6225.79,2,2.0,3,9.0,No,2021-03-09,No,1,595323
EMP10252,28,Male,HR,HR Executive,Master's,7546.83,4,3.0,3,10.4,No,2022-10-04,Yes,1,177742
EMP10205,35,Male,Marketing,Marketing Executive,Bachelor's,5438.36,1,4.0,2,10.0,No,2021-12-19,No,1,972793
EMP10017,36,Female,Support,Support Executive,Bachelor's,5239.0,4,2.0,2,18.0,No,2022-08-31,Yes,1,772109
EMP10817,24,Male,Marketing,Brand Manager,Bachelor's,6734.27,10,1.0,1,2.1,Yes,2021-12-29,No,1,656348
EMP10509,31,Male,HR,HR Manager,Master's,9845.75,3,1.0,1,1.3,Yes,2022-02-24,No,1,398079
EMP11026,44,Male,Finance,Accountant,Bachelor's,6548.14,4,1.0,3,18.3,Yes,2015-03-27,No,1,317728
EMP10431,28,Male,Support,Support Lead,Master's,9428.37,3,3.0,1,9.8,No,2022-01-07,No,1,704813
EMP10564,40,Male,Finance,Analyst,PhD,7720.05,2,2.0,3,5.1,No,2016-02-16,No,1,182330
EMP10115,42,F,Marketing,Marketing Executive,Master's,,0,2.0,1,4.3,No,2023-09-27,Yes,1,901236
EMP10426,38,Female,Marketing,Marketing Executive,Bachelor's,8043.95,6,4.0,1,24.4,No,2022-07-14,No,1,675632
EMP10735,41,Female,Finance,Analyst,Bachelor's,5135.0,6,1.0,3,0.5,No,2022-04-19,No,1,410581
EMP10969,54,Female,HR,HR Executive,Bachelor's,1908.46,3,3.0,3,2.3,No,2024-12-09,No,1,356619
EMP10325,36,Female,HR,HR Executive,High School,4938.64,21,1.0,3,18.3,Yes,2021-08-07,No,1,804054
EMP11117,57,Male,HR,HR Executive,Bachelor's,5947.9,2,4.0,2,0.5,No,2015-08-10,No,1,269859
EMP10385,32,Female,Marketing,Brand Manager,Master's,3981.27,0,3.0,1,1.5,No,2016-07-29,No,1,297344
EMP10140,38,Female,Support,Support Executive,Bachelor's,8665.15,11,3.0,3,,No,2015-07-13,No,1,745472
EMP10935,44,Female,Marketing,Brand Manager,Master's,10802.74,8,1.0,3,0.6,No,2021-11-30,Yes,1,818783
EMP10869,18,Female,Finance,Analyst,PhD,8920.7,4,2.0,2,11.6,No,2015-07-06,No,1,338548
EMP10790,40,Male,Marketing,Brand Manager,High School,5940.11,1,2.0,2,1.1,No,2022-06-30,No,1,781076
EMP11160,38,Male,Engineering,Senior Engineer,Bachelor's,,2,3.0,2,0.6,No,2021-08-09,No,1,415805
EMP10685,38,Female,Sales,Sales Executive,High School,2575.21,2,3.0,1,2.7,No,2015-11-23,No,1,413309
EMP10467,45,Male,Engineering,Software Engineer,Bachelor's,,1,1.0,2,4.7,Yes,2015-03-17,No,1,386425
EMP10397,28,Male,HR,HR Executive,Bachelor's,3886.13,6,2.0,1,11.0,Yes,2022-10-09,Yes,1,401016
EMP10927,42,Female,HR,HR Executive,Bachelor's,8318.84,1,4.0,4,2.5,No,2016-12-02,No,1,534603
EMP10851,41,Female,Marketing,Marketing Executive,Master's,4890.45,13,4.0,2,2.2,No,2019-10-24,No,1,365343
EMP10525,41,Female,Marketing,Marketing Executive,Master's,5383.49,11,3.0,3,10.6,No,2021-03-09,No,1,391905
EMP10108,27,Female,Finance,Accountant,Master's,7348.48,5,2.0,3,2.8,Yes,2023-05-04,No,1,924157
EMP10876,51,Male,Sales,Sales Manager,Bachelor's,4632.79,4,3.0,1,9.8,Yes,2019-06-24,No,1,112034
EMP11110,39,Female,HR,HR Executive,Bachelor's,5284.83,3,3.0,1,0.5,No,2022-12-20,No,1,140302
EMP11008,27,Female,HR,HR Executive,Bachelor's,7184.63,12,3.0,1,0.7,No,2015-01-25,No,1,787849
EMP10099,30,Male,Engineering,QA Engineer,Bachelor's,1858.79,1,4.0,3,0.5,Yes,2017-12-04,No,1,707262
EMP10220,150,Female,Sales,Sales Manager,Bachelor's,5529.38,3,3.0,2,9.8,No,2016-06-10,No,1,600035
EMP10336,43,Male,Support,Support Executive,,7423.55,0,4.0,3,6.7,Yes,2023-09-17,No,1,900126
EMP11079,27,Male,Marketing,Marketing Executive,Bachelor's,4846.34,11,2.0,4,5.7,No,2017-08-30,No,1,801833
EMP10986,35,Male,Engineering,QA Engineer,Bachelor's,1458.14,8,1.0,1,7.2,No,2024-10-29,No,1,279653
EMP10284,33,Male,Engineering,Software Engineer,High School,9020.1,0,,4,24.9,No,2022-05-17,No,1,458621
EMP10318,38,Male,Support,Support Lead,,4528.96,0,3.0,3,4.7,Yes,2024-07-10,No,1,534344
EMP10489,45,Female,Marketing,Marketing Executive,,4448.04,7,1.0,4,12.9,No,2025-05-01,No,1,331573
EMP10207,28,Female,Sales,Sales Executive,Bachelor's,3972.62,5,1.0,4,1.2,Yes,2018-12-11,No,1,206809
EMP10799,38,Male,Marketing,Brand Manager,Master's,4677.63,7,4.0,4,3.3,Yes,2015-08-30,No,1,907893
EMP10308,24,Male,Support,Support Lead,Master's,7828.82,1,1.0,1,10.6,No,2021-09-04,No,1,474755
EMP10591,42,Female,HR,HR Manager,High School,8329.19,4,3.0,3,5.8,No,2017-10-17,No,1,802321
EMP10858,41,Female,HR,HR Executive,Bachelor's,6783.36,0,3.0,2,22.7,No,2022-09-04,No,1,547899
EMP10620,40,Male,Engineering,Senior Engineer,Bachelor's,1200.0,0,3.0,2,11.5,No,2023-01-10,No,1,414173
EMP10316,24,Male,Marketing,Marketing Executive,Bachelor's,1200.0,0,,3,12.8,No,2020-10-31,No,1,260505
EMP10023,33,Male,Finance,Analyst,Bachelor's,3162.69,3,4.0,3,8.1,No,2025-01-05,No,1,880740
EMP10652,34,Male,HR,HR Executive,Master's,6575.6,1,1.0,4,3.8,No,2022-02-18,No,1,679561
EMP10856,39,Male,HR,HR Manager,Bachelor's,5233.33,0,3.0,2,10.6,No,2015-05-12,No,1,587358
EMP10761,40,Female,Engineering,Software Engineer,High School,4444.7,4,,1,12.7,No,2016-10-19,Yes,1,194677
EMP10374,37,Female,Engineering,Senior Engineer,Bachelor's,6152.04,14,4.0,3,0.6,Yes,2017-01-18,Yes,1,718408
EMP10186,29,Male,Marketing,Marketing Executive,Master's,7405.7,1,3.0,2,4.8,No,2017-04-14,No,1,952172
EMP10548,42,Male,Marketing,Brand Manager,Master's,9669.84,6,1.0,3,28.0,Yes,2022-03-29,No,1,546509
EMP99007,34,Male,Finance,Accountant,Master's,4733.74,0,3.0,4,3.0,No,2021-07-01,No,1,480974
EMP11060,26,Female,Marketing,Marketing Executive,Bachelor's,3296.17,1,4.0,2,3.0,No,2018-06-02,No,1,316080
EMP10123,33,Female,Marketing,Brand Manager,High School,3660.67,6,,3,10.2,No,2016-01-30,No,1,931509
EMP10594,20,Male,Support,Support Executive,Bachelor's,4720.21,7,1.0,4,1.3,No,2018-08-23,No,1,735840
EMP10812,32,Female,Finance,Analyst,Bachelor's,7560.14,1,3.0,2,0.7,No,2023-08-14,No,1,878197
EMP11054,32,Male,Marketing,Marketing Executive,Master's,3330.15,1,3.0,1,3.8,No,2020-11-28,No,1,418290
EMP10771,22,Male,Finance,Analyst,Master's,4387.37,11,,1,21.1,No,2016-03-09,No,1,799323
EMP10703,48,Male,Support,Support Lead,Bachelor's,7812.7,1,1.0,4,4.8,No,2019-10-18,No,1,419854
EMP10920,38,Female,Sales,Sales Executive,Bachelor's,3816.53,5,4.0,2,8.6,Yes,2020-11-19,No,1,769938
EMP10922,36,Male,Marketing,Brand Manager,Master's,5098.81,0,3.0,2,1.4,Yes,2018-01-06,Yes,1,131639
EMP10147,36,Male,HR,HR Manager,PhD,3927.27,3,3.0,3,10.9,No,2023-08-30,No,1,917746
EMP10941,23,Female,Support,Support Lead,Bachelor's,3733.26,1,4.0,3,7.2,No,2018-06-26,Yes,1,447930
EMP10518,34,Female,Engineering,Software Engineer,Bachelor's,5666.74,0,1.0,2,25.5,Yes,2021-07-06,No,1,884362
EMP10224,46,Female,Engineering,Senior Engineer,Bachelor's,5525.78,3,2.0,1,39.5,Yes,2016-07-23,No,1,970412
EMP11002,29,Male,Finance,Accountant,PhD,9799.88,8,3.0,1,3.6,No,2019-08-03,No,1,164947
EMP10070,34,Male,Engineering,Senior Engineer,Bachelor's,3222.83,0,1.0,1,5.6,N,2020-04-15,No,1,520506
EMP10838,37,Male,Finance,Analyst,Bachelor's,2617.52 USD,3,3.0,2,0.6,Yes,2016-10-31,No,1,805503
EMP10283,28,Female,Sales,Sales Manager,Bachelor's,1200.0,4,1.0,1,15.6,Yes,2022-11-20,Yes,1,775751
EMP10171,60,Male,Engineering,Software Engineer,Bachelor's,4506.95,3,4.0,2,7.7,No,2024-12-23,No,1,575791
EMP10355,29,Female,Finance,Accountant,Bachelor's,6735.39,3,3.0,4,5.9,No,2018-09-12,No,1,542172
EMP10168,33,Male,Engineering,Senior Engineer,Bachelor's,5744.97,2,4.0,4,6.5,No,2017-07-25,No,1,893321
EMP10263,51,Male,Support,Support Executive,Bachelor's,2718.25,12,1.0,4,13.7,No,2020-07-22,No,1,711536
EMP10657,30,Male,Support,Support Executive,Bachelor's,3830.23,0,3.0,2,1.6,No,2022-12-22,Yes,1,171022
EMP10389,28,Male,Marketing,Brand Manager,Bachelor's,5855.66,1,,3,5.1,No,2016-04-19,Yes,1,552740
EMP10125,23,Female,Sales,Sales Manager,Bachelor's,5448.89,4,4.0,3,3.8,No,2017-03-27,No,1,582838
EMP11087,37,Female,Engineering,QA Engineer,Bachelor's,5205.76,0,3.0,4,2.1,No,2022-07-26,Yes,1,684433
EMP11061,39,Female,Finance,Analyst,Bachelor's,6660.73,1,1.0,1,3.2,No,2020-01-27,No,1,152430
EMP10164,38,Male,Engineering,Software Engineer,Master's,10724.13,1,4.0,2,35.6,No,2015-04-14,No,1,935216
EMP10445,52,Male,Finance,Analyst,Bachelor's,4570.1,2,2.0,4,3.4,No,2022-11-12,No,1,713619
EMP11091,18,Female,Engineering,QA Engineer,Bachelor's,,4,2.0,4,6.4,N,2015-09-16,No,1,336978
EMP10656,52,F,Marketing,Brand Manager,PhD,4733.33,6,4.0,2,0.8,No,2022-05-03,Yes,1,838639
EMP11119,39,Female,Finance,Accountant,Bachelor's,7689.38,0,4.0,4,21.1,Yes,2015-05-28,No,1,557804
EMP10042,21,Male,HR,HR Executive,High School,4712.36,0,1.0,3,3.8,No,2025-03-13,Yes,1,297221
EMP11185,29,Female,Marketing,Marketing Executive,Bachelor's,8390.55,1,2.0,1,20.8,Yes,2022-01-25,No,1,492380
EMP10926,42,Male,HR,HR Executive,Master's,5738.08,1,1.0,1,6.4,No,2021-01-09,Yes,1,253355
EMP11113,46,Female,Finance,Accountant,Master's,3537.11,1,3.0,1,7.8,No,2020-05-24,No,1,895890
EMP10264,57,Male,Sales ,Accountant,Bachelor's,3623.54,4,2.0,3,4.8,No,2016-03-28,No,1,913176
EMP10132,30,Female,Finance,Accountant,Bachelor's,4941.28,6,3.0,4,20.0,Yes,2015-08-28,No,1,278142
EMP10551,18,Male,Support,Support Lead,Master's,6342.26,0,4.0,2,0.8,No,2019-08-23,No,1,599004
EMP10334,22,M,Marketing,Brand Manager,Master's,2461.44,1,2.0,4,2.8,No,2025-05-19,No,1,353363
EMP10038,38,Female,Engineering,Senior Engineer,Bachelor's,6107.8,1,,2,8.0,No,2025-05-16,Yes,1,699173
EMP10530,42,Female,Support,Support Lead,Bachelor's,4178.47,3,4.0,1,1.2,Yes,2019-05-20,Yes,1,477066
EMP11108,43,Female,Finance,Analyst,PhD,3120.21,3,2.0,3,15.7,No,2017-03-20,No,1,623102
EMP10326,32,Male,Engineering,QA Engineer,Bachelor's,6214.75,6,1.0,2,0.5,No,2023-03-20,No,1,163442
EMP10166,29,Female,Engineering,QA Engineer,High School,6833.84,2,2.0,1,2.2,No,2015-12-09,Yes,1,127095
EMP10933,24,Female,Sales,Sales Executive,Master's,5490.79,8,3.0,1,6.4,No,2022-05-16,No,1,431208
EMP10071,45,FEMALE,Support,Support Lead,Bachelor's,1200.0,9,4.0,3,5.8,No,2020-02-24,Yes,1,514692
EMP10627,25,Female,Engineering,Senior Engineer,Master's,5759.62,5,4.0,4,1.6,No,2017-08-27,No,1,897957
EMP10720,20,Female,Finance,Accountant,Master's,6479.47,0,2.0,1,18.8,No,2019-07-20,Yes,1,595930
EMP10957,51,Male,Engineering,Software Engineer,Master's,9879.52,1,2.0,1,1.0,Yes,2023-03-24,No,1,419252
EMP11145,36,Female,HR,HR Executive,Master's,6362.04,2,4.0,3,4.0,Yes,2015-08-04,No,1,592229
EMP10270,32,Female,Marketing,Marketing Executive,Bachelor's,7423.41,3,1.0,2,0.5,No,2024-09-06,Yes,1,489932
EMP10004,39,Female,Marketing,Brand Manager,High School,6010.75,4,4.0,4,2.6,Yes,2017-12-31,Yes,1,817157
EMP10716,36,Male,Sales,Sales Executive,Bachelor's,5954.72,2,1.0,3,2.2,No,2020-04-18,No,1,716348
EMP10980,46,Male,Marketing,Brand Manager,Bachelor's,6122.82,4,3.0,4,40.7,No,2015-03-02,No,1,288932
EMP10694,46,Female,Support,Support Lead,Bachelor's,4244.72,0,,1,22.6,No,2021-05-30,No,1,441040
EMP10754,18,Female,Finance,Analyst,High School,6927.26,6,1.0,3,1.1,Yes,2016-11-07,No,1,738883
EMP10361,40,Female,Support,Support Lead,Bachelor's,11659.33,2,3.0,2,4.8,No,2022-11-30,Yes,1,815523
EMP10305,39,Female,Sales,Sales Executive,Master's,6988.55,1,3.0,4,10.9,Yes,2024-03-05,Yes,1,600596
EMP10526,50,Male,Support,Support Lead,Bachelor's,3904.13,0 yrs,4.0,3,14.7,No,2020-02-04,No,1,617250
EMP10767,34,Female,Marketing,Brand Manager,Bachelor's,4630.9,0,1.0,3,8.3,No,2020-05-02,No,1,384912
EMP11016,35,Male,Sales,Sales Executive,Bachelor's,3298.14,0,1.0,2,4.7,Yes,2024-09-07,No,1,990417
EMP11081,44,Female,Finance,Accountant,Bachelor's,,8,2.0,2,3.6,Yes,2022-11-16,Yes,1,330640
EMP10094,36,Female,Finance,Analyst,High School,5258.6,0,2.0,3,8.8,No,2025-05-02,Yes,1,490652
EMP10095,37,Female,Sales,Sales Manager,Bachelor's,6856.99,1,2.0,3,7.0,No,2021-05-21,No,1,955054
EMP11126,28,Female,HR,HR Manager,Bachelor's,4631.72,0,2.0,1,2.0,Yes,2021-01-27,No,1,570999
EMP11011,32,Male,Finance,Analyst,Master's,,10,4.0,1,11.3,No,2021-05-14,Yes,1,379368
EMP10631,21,Male,Engineering,Senior Engineer,Bachelor's,2922.82,2,1.0,2,17.4,Yes,2016-09-25,Yes,1,656727
EMP11034,36,Female,HR,HR Executive,Bachelor's,6653.61,0,2.0,3,2.5,Yes,2024-06-11,No,1,620415
EMP10058,49,Male,Support,Support Lead,High School,6047.88,5,,4,5.9,Yes,2022-10-20,No,1,966928
EMP11053,38,Male,HR,HR Manager,Bachelor's,6749.36,4,3.0,4,10.2,No,2021-01-14,No,1,861633
EMP10283,28,Female,Sales,Sales Manager,Bachelor's,1200.0,4,1.0,1,15.6,Yes,2022-11-20,Yes,1,775751
EMP11172,36,Male,Support,Support Lead,Bachelor's,3314.89,0,1.0,4,10.6,Yes,2023-05-13,Yes,1,590078
EMP10024,54,Male,Engineering,Senior Engineer,Bachelor's,3087.07,6,1.0,4,0.5,Yes,2016-02-05,No,1,386851
EMP10666,25,Female,Marketing,Marketing Executive,Master's,2287.71,15,2.0,4,11.3,No,2024-10-06,No,1,669323
EMP10244,37,Female,Sales,Sales Executive,High School,5115.07,0,4.0,4,50.7,No,2018-01-27,No,1,611618
EMP10025,41,F,Engineering,QA Engineer,High School,6456.49,4,3.0,1,4.1,Yes,2023-08-24,Yes,1,148043
EMP10222,30,Female,Engineering,Software Engineer,Bachelor's,1200.0,4,4.0,4,4.7,No,2019-06-08,No,1,460931
EMP10671,51,Male,Finance,Analyst,Bachelor's,7054.04,5,2.0,4,4.5,No,2016-05-10,Yes,1,539409
EMP10105,37,Male,Support,Support Executive,High School,8401.83,3,4.0,4,24.6,Yes,2017-08-05,No,1,343568
EMP11090,29,Female,Marketing,Marketing Executive,Bachelor's,8376.99,0,2.0,1,2.8,No,2022-10-20,No,1,633842
EMP10130,40,Female,Engineering,Software Engineer,Bachelor's,5029.63,2,4.0,1,0.5,No,2019-06-27,No,1,694639
EMP10153,45,Male,Support,Support Lead,Master's,5163.34,0,4.0,1,6.8,No,2016-10-18,No,1,275946
EMP11072,46,Female,Marketing,Brand Manager,High School,7436.35,0,2.0,4,0.8,No,2016-05-29,No,1,637317
EMP10981,30,Male,Sales,Sales Executive,High School,4462.72,1,3.0,4,0.9,No,2020-04-09,No,1,646127
EMP10358,41,M,HR,HR Manager,High School,5677.34,0,2.0,1,0.6,Yes,2018-04-02,No,1,809504
EMP99005,27,Female,Support,Support Lead,Master's,10431.35,5,4.0,4,2.2,Yes,2016-11-15,Yes,1,981669
EMP10075,40,Male,HR,HR Manager,Master's,6249.74,1,2.0,1,2.0,No,2023-08-05,No,1,385437
EMP10950,33,Female,Finance,Accountant,Master's,3248.72,1,1.0,4,12.0,No,2022-07-06,No,1,246241
EMP11074,20,Male,Engineering,QA Engineer,Master's,,3,4.0,4,11.7,No,2018-11-13,Yes,1,980133
EMP10498,26,Female,Engineering,QA Engineer,Bachelor's,1343.33,1,2.0,3,8.6,No,2019-08-31,No,1,353756
EMP10793,39,Male,Sales,Sales Executive,Master's,4137.9,5,4.0,1,2.3,Yes,2018-07-26,No,1,620976
EMP10993,32,Male,Support,Support Executive,Bachelor's,6735.54,1,3.0,1,14.2,No,2022-03-06,No,1,323673
EMP10855,31,Male,Sales,Sales Executive,High School,10004.29,0,3.0,2,17.6,No,2023-07-08,No,1,619266
EMP10199,50,Female,Finance,Accountant,Bachelor's,6100.3,2,4.0,3,5.1,Yes,2021-04-18,No,1,338116
EMP10868,47,Female,Engineering,Software Engineer,Master's,5722.67,0,2.0,1,0.5,No,2015-03-02,No,1,805776
EMP10134,37,Male,HR,HR Manager,Bachelor's,8197.27,14,4.0,2,14.9,No,2019-10-01,Yes,1,751464
EMP10528,31,Male,Marketing,Brand Manager,Master's,3165.38,9,1.0,2,1.3,Yes,2022-05-18,No,1,493904
EMP10259,19,Male,Engineering,QA Engineer,High School,4972.5,1,1.0,3,16.5,No,2024-06-05,No,1,882714
EMP10610,52,Male,HR,HR Executive,,5363.67,1,4.0,4,6.1,No,2015-02-22,No,1,693152
EMP10003,27,Male,Support,Support Executive,Bachelor's,6855.15,2,,1,2.6,No,2016-09-02,No,1,849409
EMP10830,45,Female,Support,Support Lead,Bachelor's,3073.93,8,1.0,4,4.6,No,2017-03-25,No,1,798218
EMP10210,200,M,Finance,Analyst,Bachelor's,,4,4.0,3,0.5,No,2015-09-13,No,1,501157
EMP10196,46,Male,Engineering,Senior Engineer,Bachelor's,6950.87,0,1.0,2,4.7,Yes,2019-01-28,No,1,435444
EMP10598,30,Female,Finance,Accountant,Bachelor's,5194.39,2,4.0,2,11.8,No,2023-09-09,No,1,524850
EMP11178,18,Male,Engineering,Senior Engineer,Bachelor's,4882.06,4,1.0,2,4.5,Yes,2019-04-26,No,1,172323
EMP10718,34,M,Sales,Sales Executive,High School,7896.1,1,3.0,3,0.5,No,2020-10-02,No,1,615359
EMP10026,44,Female,HR,HR Manager,High School,6273.86,0,2.0,3,4.4,Yes,2024-02-08,No,1,305262
EMP10510,43,Male,Marketing,Marketing Executive,Bachelor's,6556.68,8,2.0,2,5.9,No,2016-07-15,No,1,125346
EMP10602,34,Male,Marketing,Brand Manager,,9478.26,16,2.0,4,4.6,No,2018-04-10,Yes,1,286913
EMP10828,24,Male,Marketing,Marketing Executive,Bachelor's,5250.37,3,1.0,2,22.2,No,2021-02-03,No,1,640234
EMP11135,43,Male,HR,HR Executive,Master's,6470.37,6,3.0,4,0.7,No,2021-01-04,Yes,1,669831
EMP10339,38,Female,Sales,Sales Executive,Bachelor's,4830.15,3,2.0,1,7.3,No,2020-03-17,Yes,1,228876
EMP10061,48,Male,Sales,Sales Manager,High School,4530.56,0,4.0,3,7.9,No,2021-05-09,No,1,704450
EMP10541,35,Female,Finance,Analyst,PhD,6004.8,7,3.0,1,2.1,No,2017-05-27,No,1,133119
EMP11035,31,Male,Sales,Sales Executive,PhD,5231.08,4,,4,0.8,Yes,2017-04-22,No,1,592347
EMP10457,27,Male,Finance,Analyst,Bachelor's,7479.62,3,3.0,3,0.8,No,2017-12-16,No,1,344295
EMP10913,22,Male,HR,HR Manager,High School,5090.46,2,1.0,1,29.1,No,2016-12-06,No,1,863575
EMP10642,20,Male,Marketing,Brand Manager,High School,7302.69,6,4.0,4,15.8,No,2022-08-26,No,1,113478
EMP10778,37,Male,HR,HR Executive,Bachelor's,4106.01,7,3.0,4,2.4,No,2023-12-19,No,1,538765
EMP10714,21,Female,Sales,Sales Manager,Master's,3495.57,0,3.0,4,17.5,No,2021-11-29,No,1,369350
EMP10660,47,Male,Marketing,Brand Manager,Bachelor's,5272.28,3,3.0,1,13.5,Yes,2015-05-13,Yes,1,598035
EMP10691,31,Male,Finance,Accountant,Bachelor's,5546.88,0,2.0,2,0.5,Yes,2018-04-08,Yes,1,173465
EMP10478,53,Male,Marketing,Marketing Executive,Bachelor's,1200.0,2,1.0,4,3.1,Yes,2016-10-24,No,1,172762
EMP10893,40,Female,Engineering,QA Engineer,PhD,8615.8,2,4.0,4,7.0,No,2025-01-19,No,1,977881
EMP10008,31,Female,HR,HR Executive,Bachelor's,41493.12355692792,1,3.0,4,1.5,No,2020-03-18,No,1,314889
EMP10446,34,Male,Engineering,Software Engineer,High School,7361.48,1,3.0,2,11.3,Yes,2023-02-08,No,1,624294
EMP10687,40,Male,Sales,Sales Executive,Bachelor's,,0,3.0,1,10.4,No,2024-02-23,Yes,1,830415
EMP11047,46,Female,Sales,Sales Manager,Bachelor's,10773.66,0,2.0,3,0.7,No,2020-05-29,No,1,479962
EMP10508,18,Male,Finance,Accountant,High School,3843.13,3,2.0,2,7.7,No,2018-05-22,No,1,662283
EMP10662,49,Male,Sales,Sales Manager,Master's,10426.91,2,,3,2.0,No,2016-03-06,No,1,694157
EMP10934,34,Female,Sales,Sales Manager,Bachelor's,5552.33,1,2.0,2,34.7,Yes,2020-02-13,No,1,284208
EMP10619,50,Female,HR,HR Executive,Master's,3294.92,4,4.0,2,3.4,Yes,2023-07-16,No,1,768587
EMP10074,25,Female,Engineering,QA Engineer,Master's,9427.37,2,3.0,3,4.8,No,2023-06-18,No,1,563858
EMP10568,43,Male,sales,Analyst,PhD,7323.17,6,,2,0.5,No,2016-04-17,No,1,255818
EMP10872,46,Female,Finance,Accountant,Bachelor's,2962.13,9,1.0,4,7.3,No,2022-08-07,Yes,1,735041
EMP10057,38,Female,HR,HR Manager,,1200.0,17,3.0,4,27.6,No,2021-10-04,No,1,597792
EMP11031,52,Female,SALES,Support Executive,Bachelor's,7083.04,13,2.0,2,18.7,No,2024-09-01,No,1,685377
EMP10595,41,Female,Support,Support Executive,Bachelor's,5353.06,6,1.0,2,28.1,No,2016-02-22,No,1,335283
EMP10297,23,Female,Sales,Sales Executive,High School,7805.67,1,2.0,2,0.9,No,2023-01-29,No,1,984006
EMP10696,20,Female,Engineering,Software Engineer,Bachelor's,4682.86,5,3.0,2,2.2,No,2017-04-21,No,1,587874
EMP10217,28,Female,Sales,Sales Executive,Bachelor's,5379.65 USD,8,4.0,4,4.8,No,2015-12-18,No,1,392178
EMP10992,32,Female,Support,Support Lead,Bachelor's,7797.92,19,2.0,2,10.3,Yes,2016-05-20,No,1,726054
EMP10673,24,Male,HR,HR Manager,PhD,8677.35,9,3.0,1,16.9,Yes,2022-09-29,Yes,1,992621
EMP10344,41,Female,HR,HR Manager,Bachelor's,6579.34,1,1.0,4,1.9,No,2018-04-22,No,1,582072
EMP11149,55,Female,Sales,Sales Manager,Bachelor's,5286.78,0,2.0,1,2.3,Yes,2016-07-14,Yes,1,763830
EMP10396,46,Male,Support,Support Executive,Bachelor's,5565.63,0,3.0,3,2.4,No,2015-08-23,No,1,159413
EMP10688,36,Male,Finance,Accountant,Bachelor's,5080.42,5,1.0,2,10.2,Yes,2015-04-07,No,1,973748
EMP10925,28,Male,HR,HR Manager,Master's,,1,1.0,1,,No,2024-03-14,No,1,263187
EMP10768,25,Female,Support,Support Executive,Bachelor's,8639.51,3,3.0,2,1.6,Yes,2019-03-19,No,1,704820
EMP11046,28,Male,Finance,Analyst,Bachelor's,4491.19,1,3.0,4,3.0,No,2017-03-30,No,1,255461
EMP10889,36,Male,Marketing,Marketing Executive,Bachelor's,4599.39,6,3.0,2,8.0,No,2020-05-21,No,1,457197
EMP10861,41,Female,HR,HR Manager,Bachelor's,,0,3.0,3,23.5,No,2019-07-13,Yes,1,987471
EMP10887,49,Male,Marketing,Marketing Executive,PhD,3171.97,1,1.0,2,9.8,Yes,2022-08-31,Yes,1,406815
EMP10266,42,Female,Finance,Accountant,Master's,1942.69,1,4.0,1,6.5,No,2019-11-03,No,1,874427
EMP10006,36,Female,Sales,Sales Manager,Bachelor's,7064.7,2,,3,7.7,No,2015-04-28,No,1,131223
EMP10885,34,Male,Support,Support Executive,Bachelor's,4696.53,0,4.0,1,12.3,No,2022-09-18,No,1,960078
EMP10122,28,Male,Engineering,Senior Engineer,Master's,7203.89,6,2.0,3,3.1,No,2015-12-26,No,1,802446
EMP10644,33,Female,Marketing,Marketing Executive,Bachelor's,6632.53,1,2.0,3,0.5,No,2019-01-21,No,1,958149
EMP10138,33,Male,Support,Support Executive,Bachelor's,6359.17,4,3.0,1,31.7,Yes,2021-10-18,No,1,912390
EMP10163,37,Female,HR,HR Manager,,5188.93,11,4.0,1,4.7,No,2022-08-24,No,1,897133
EMP10739,29,Female,Sales,Sales Manager,Bachelor's,4306.74,3,4.0,1,33.7,Yes,2017-09-19,No,1,141940
EMP11157,32,Male,Finance,Analyst,Master's,2655.69,1,1.0,4,0.8,No,2017-11-23,No,1,715241
EMP11076,44,Male,Sales,Sales Executive,Bachelor's,4381.53,3,1.0,3,5.8,No,2025-04-10,No,1,749565
EMP10043,43,Female,Support,Support Executive,Master's,4169.0,2,2.0,4,14.2,No,2019-08-24,No,1,230617
EMP10785,40,Male,Engineering,Software Engineer,Bachelor's,6987.47,5,4.0,2,0.6,No,2022-08-19,No,1,596688
EMP11183,34,Male,Engineering,Senior Engineer,Bachelor's,6267.75,1,4.0,3,5.1,No,2019-01-24,No,1,521850
EMP10319,41,Female,Support,Support Lead,Bachelor's,3280.27,4,4.0,4,1.0,no,2017-07-03,No,1,976697
EMP10806,23,Female,Sales,Sales Executive,Master's,3833.91,21,4.0,2,5.0,Yes,2019-10-14,No,1,431130
EMP10801,29,Male,Support,Support Lead,Bachelor's,6192.11,1,2.0,1,16.5,No,2024-11-04,No,1,365446
EMP10493,32,Male,HR,HR Executive,Bachelor's,5523.27,0,2.0,1,10.1,Yes,2016-02-21,No,1,375348
EMP10294,39,Female,Support,Support Executive,Bachelor's,7455.76,0,2.0,1,7.3,Yes,2016-12-24,No,1,759742
EMP10643,18,Male,Marketing,Brand Manager,Bachelor's,10877.02,2,3.0,1,10.5,Yes,2017-09-05,Yes,1,311292
EMP10563,34,Male,Support,Support Lead,Bachelor's,2361.27,1,1.0,3,9.6,No,2021-07-01,No,1,700384
EMP10611,58,Male,HR,HR Executive,,4542.11,3,2.0,3,21.9,No,2016-09-01,No,1,265225
EMP10504,38,Male,sales,Analyst,Bachelor's,4894.32,3,4.0,4,24.6,No,2024-05-29,No,1,358555
EMP10019,31,Female,Engineering,QA Engineer,High School,5488.73,0,4.0,1,3.5,No,2018-01-31,Yes,1,555696
EMP10409,24,Male,Sales,Sales Executive,Master's,3633.25,6,2.0,4,7.1,No,2020-10-17,No,1,264612
EMP10558,39,Male,Sales,Sales Manager,High School,3898.44,11,3.0,3,2.5,No,2023-07-03,No,1,868686
EMP10963,26,Female,Engineering,Senior Engineer,Bachelor's,7599.93,5,1.0,2,15.4,No,2023-05-10,No,1,502302
EMP10704,35,Female,HR,HR Executive,Bachelor's,5656.78,5,2.0,2,15.4,Yes,2016-04-27,Yes,1,119487
EMP11095,37,Male,Engineering,Software Engineer,Bachelor's,4747.49,3,4.0,2,8.9,No,2016-07-10,No,1,689553
EMP10947,38,Male,Engineering,Senior Engineer,Master's,5473.8,0,3.0,2,7.7,Yes,2022-03-08,Yes,1,903894
EMP10831,35,Male,Finance,Accountant,Master's,5207.65,1,2.0,4,3.9,No,2024-02-26,Yes,1,751696
EMP10137,31,Male,Marketing,Brand Manager,High School,10405.41,2,3.0,4,5.3,Yes,2021-06-17,No,1,951123
EMP10408,41,Male,Support,Support Executive,High School,,3,1.0,3,0.5,No,2015-09-25,No,1,905467
EMP10531,26,Male,Finance,Accountant,Master's,4370.41,2,1.0,2,1.6,No,2023-07-19,No,1,304793
EMP10185,29,Female,Marketing,Brand Manager,Master's,7755.77,1,3.0,3,0.9,No,2022-07-09,No,1,558846
EMP11071,51,Male,Engineering,Software Engineer,Master's,7512.24,3,4.0,1,0.8,Yes,2018-03-09,No,1,514930
EMP11056,32,,Finance,Analyst,Bachelor's,6265.18,0,2.0,1,6.8,No,2017-08-10,Yes,1,654567
EMP11162,18,Male,HR,HR Executive,Bachelor's,,1,1.0,3,0.6,No,2018-01-02,No,1,675700
EMP10571,32,Male,Marketing,Brand Manager,Bachelor's,4966.51,1 yrs,4.0,4,9.0,Yes,2018-06-20,Yes,1,926725
EMP10430,38,Female,Sales,Sales Executive,Master's,7889.92,3,4.0,4,7.1,Yes,2020-12-28,No,1,493331
EMP11152,30,Male,HR,HR Executive,Bachelor's,3333.12,6,4.0,3,1.5,No,2021-04-13,No,1,159722
EMP10779,54,FEMALE,HR,HR Executive,Master's,5369.8,2,3.0,4,3.3,No,2019-05-25,No,1,158121
EMP10327,25,Male,Marketing,Marketing Executive,Bachelor's,1701.47,7,3.0,2,4.8,No,2023-05-24,No,1,844042
EMP10317,22,Female,HR,HR Executive,High School,7861.17,2,3.0,3,21.2,No,2020-06-28,No,1,132675
EMP11159,21,Male,Sales,Sales Manager,Master's,4110.05,0,3.0,4,15.3,No,2021-07-18,Yes,1,469867
EMP10420,25,Female,Finance,Accountant,Bachelor's,7356.67,2,4.0,2,9.8,Yes,2018-05-28,Yes,1,425109
EMP10540,33,Male,Sales,Sales Executive,Bachelor's,6135.44,1 yrs,3.0,2,5.4,No,2024-11-27,No,1,314291
EMP10737,42,Male,HR,HR Manager,Bachelor's,3687.87,0,,2,31.3,Yes,2022-03-19,No,1,403599
EMP11075,31,Female,Support,Support Lead,Bachelor's,6444.6,2,1.0,4,13.3,No,2019-05-01,No,1,139386
EMP11133,34,Male,Marketing,Marketing Executive,Bachelor's,10940.63,12,1.0,3,0.9,No,2021-01-31,No,1,813795
EMP10492,27,Male,Support,Support Executive,Bachelor's,48267.700403016104,2,2.0,1,3.6,No,2015-01-17,No,1,284729
EMP10791,25,Male,Support,Support Lead,Master's,6309.79,6,3.0,3,11.4,Yes,2023-09-06,No,1,877864
EMP10148,44,Female,Marketing,Brand Manager,Bachelor's,5125.15,12,1.0,2,4.0,No,2020-02-22,No,1,990560
EMP10650,40,Male,Finance,Accountant,Master's,6987.5,3,4.0,4,4.9,N,2019-05-20,No,1,765885
EMP11148,44,Male,Engineering,Software Engineer,Bachelor's,8082.11,1,,4,9.9,No,2021-10-24,No,1,937347
EMP10544,39,Male,Support,Support Executive,High School,6300.55,2,1.0,3,5.2,No,2020-09-17,No,1,264964
EMP10770,38,Female,Marketing,Marketing Executive,High School,5821.84,5,4.0,4,2.9,No,2025-02-04,No,1,436504
EMP10997,42,Female,HR,HR Executive,Master's,4938.15,3,,1,0.5,No,2017-09-20,No,1,793130
EMP10365,47,Male,HR,HR Manager,Bachelor's,9514.73,0,1.0,4,0.5,No,2019-11-12,No,1,741596
EMP11041,51,Female,Sales,Sales Executive,High School,5697.86,1,4.0,1,1.1,No,2018-11-06,No,1,440445
EMP10500,25,Female,Marketing,Marketing Executive,Bachelor's,6856.32,2,2.0,4,5.2,No,2018-08-11,Yes,1,170787
EMP11153,34,Female,Marketing,Marketing Executive,Bachelor's,5474.78,2,3.0,1,11.0,Yes,2020-03-15,No,1,821610
EMP11171,33,M,Support,Support Lead,High School,5959.09,7,2.0,1,7.1,No,2015-02-11,No,1,368035
EMP10960,44,Male,Sales,Sales Executive,Master's,7250.08,1,2.0,1,6.0,Yes,2016-11-15,No,1,524329
EMP10899,30,Male,SALES,QA Engineer,Bachelor's,9190.32,3,4.0,2,7.7,No,2020-06-13,No,1,491908
EMP10232,37,Female,Finance,Analyst,Bachelor's,1200.0,6,3.0,2,,No,2015-12-10,No,1,441996
EMP10534,38,Female,Marketing,Brand Manager,Bachelor's,3532.58,8,4.0,3,33.8,No,2018-10-06,Yes,1,988879
EMP10609,53,Female,HR,HR Manager,High School,4738.44,7,4.0,4,12.9,Yes,2025-04-26,No,1,334157
EMP10819,28,Female,Finance,Analyst,Bachelor's,6106.72,4,2.0,3,0.5,No,2016-09-20,No,1,729128
EMP10432,34,Male,Marketing,Brand Manager,Bachelor's,6004.65,0,4.0,4,8.2,Yes,2020-03-02,No,1,882155
EMP10314,31,Female,Sales,Sales Manager,Master's,4075.59,2,,1,3.4,Yes,2018-08-28,No,1,268909
EMP10158,37,Male,Marketing,Marketing Executive,Master's,1616.52,3,4.0,1,2.8,No,2024-02-14,No,1,658859
EMP10315,38,Female,HR,HR Manager,Bachelor's,1200.0,1,,3,36.1,No,2024-04-05,No,1,129580
EMP10256,34,Female,Support,Support Executive,Bachelor's,6089.96,3,4.0,3,6.6,No,2020-04-30,Yes,1,328931
EMP10769,40,Female,Finance,Accountant,Bachelor's,5211.17,7,1.0,3,4.9,Yes,2022-03-07,No,1,716789
EMP10096,37,Male,Marketing,Marketing Executive,Master's,6323.65,0,3.0,4,24.4,No,2019-09-05,No,1,775860
EMP11188,31,M,Support,Support Lead,Bachelor's,5806.84,5,4.0,4,15.4,Yes,2020-12-26,No,1,667908
EMP10744,28,Female,Marketing,Brand Manager,Bachelor's,3909.38,1,2.0,3,12.8,No,2016-08-06,No,1,226888
EMP10384,32,Male,Sales,Sales Executive,Bachelor's,2490.94,1,3.0,4,4.1,No,2019-09-09,No,1,521155
EMP11190,43,Male,HR,HR Executive,Master's,7025.2,5,2.0,4,12.9,N,2023-02-11,No,1,346339
EMP10177,24,Female,Finance,Accountant,Bachelor's,6412.16,2,1.0,3,6.3,No,2019-05-31,No,1,397608
EMP10483,27,Female,Engineering,QA Engineer,Master's,,2,3.0,1,9.3,No,2017-06-08,Yes,1,135897
EMP10328,38,Male,HR,HR Manager,Bachelor's,3931.3,8,3.0,1,4.1,No,2023-09-21,No,1,375019
EMP10314,31,Female,Sales,Sales Manager,Master's,4075.59,2,,1,3.4,Yes,2018-08-28,No,1,268909
EMP10415,29,Female,HR,HR Manager,High School,5522.54,10,4.0,1,1.5,No,2021-07-12,Yes,1,331317
EMP10357,26,Male,Support,Support Lead,Bachelor's,3869.76,0,3.0,2,0.5,No,2020-08-29,No,1,684019
EMP10347,29,Male,Finance,Analyst,PhD,1595.13,2,4.0,1,3.6,No,2022-02-18,No,1,135019
EMP10513,21,Female,Engineering,Software Engineer,Master's,4059.23,2,1.0,1,5.9,Yes,2021-05-29,No,1,577359
EMP10298,36,Male,Sales,Sales Manager,High School,8223.95,11,3.0,1,1.2,No,2016-01-01,No,1,692684
EMP10455,49,Female,Engineering,Software Engineer,High School,,2,4.0,1,0.5,Yes,2019-07-26,No,1,482483
EMP10565,46,Male,HR,HR Manager,Bachelor's,8138.18,4,3.0,2,1.6,Yes,2016-07-01,Yes,1,548800
EMP10818,23,Female,Finance,Analyst,Master's,5565.39,2,4.0,2,0.5,No,2016-12-30,No,1,110286
EMP10794,39,Male,Marketing,Marketing Executive,Bachelor's,5285.59,4,4.0,4,3.8,No,2016-12-10,No,1,254953
EMP11140,21,Male,Marketing,Brand Manager,Bachelor's,6963.48,0,4.0,1,9.3,No,2021-06-23,No,1,448562
EMP11194,26,Female,Engineering,Software Engineer,High School,6675.49,6,1.0,1,1.4,No,2018-08-01,No,1,902479
EMP10663,36,Male,Sales,Sales Executive,Bachelor's,7891.59,2,4.0,2,3.7,No,2018-05-23,No,1,579441
EMP10249,39,Female,Finance,Accountant,Bachelor's,7687.57,6,2.0,3,6.3,No,2016-11-04,No,1,478146
EMP11049,18,FEMALE,Sales,Sales Executive,Master's,2611.35,2,4.0,3,12.5,No,2016-11-21,No,1,564729
EMP10015,36,Female,Marketing,Brand Manager,Bachelor's,7662.03,5,4.0,1,2.3,No,2019-10-15,No,1,827425
EMP11015,37,Female,Sales,Sales Manager,Bachelor's,7801.27,8,1.0,1,0.5,No,2023-04-14,No,1,755052
EMP10159,21,Male,Engineering,Senior Engineer,Master's,,14,3.0,3,12.6,No,2023-01-21,No,1,762870
EMP10734,34,Female,Engineering,QA Engineer,Bachelor's,4608.77,1,3.0,4,14.0,Yes,2020-06-03,No,1,802929
EMP10722,38,Male,Sales ,Support Executive,PhD,6523.64,1,,3,4.9,No,2018-12-23,No,1,997226
EMP10360,60,Female,Sales ,Sales Manager,Bachelor's,5656.19,3,4.0,3,6.9,Yes,2015-04-29,No,1,822874
EMP10048,27,Male,Finance,Accountant,Master's,3626.62,2,2.0,1,0.5,Yes,2016-03-16,No,1,608765
EMP10202,40,Male,Sales,Sales Manager,Master's,7301.28,2,4.0,3,8.0,Yes,2023-05-23,No,1,500947
EMP10330,46,M,Support,Support Executive,Master's,5246.26,3,1.0,1,5.1,No,2020-11-25,No,1,567181
EMP10603,30,Male,Sales,Sales Executive,Bachelor's,8912.59,12,1.0,1,33.6,Yes,2017-03-04,No,1,573975
EMP10912,46,Female,Sales,Sales Executive,PhD,6976.99,2,3.0,3,1.0,Yes,2024-06-03,Yes,1,104939
EMP10112,44,Male,Sales,Sales Executive,Bachelor's,7617.85,0,2.0,4,10.4,No,2021-10-19,No,1,960138
EMP10338,24,Female,HR,HR Manager,Bachelor's,9125.85,1,2.0,2,2.0,No,2018-01-16,Yes,1,335607
EMP10228,57,Male,Engineering,Senior Engineer,High School,7962.67,3,,1,8.6,Yes,2015-09-14,No,1,854062
EMP10307,40,M,Sales,Sales Manager,Bachelor's,7018.2,1,1.0,3,1.3,No,2020-03-12,No,1,269900
EMP11073,37,Male,Sales,Sales Executive,High School,6454.59,8,1.0,2,3.4,No,2018-06-21,Yes,1,506425
EMP10422,18,Male,Marketing,Brand Manager,Bachelor's,5208.84,13,2.0,3,13.9,No,2017-07-06,Yes,1,788598
EMP10416,38,Female,Support,Support Lead,Bachelor's,5436.91,4,1.0,2,5.9,no,2018-03-04,No,1,328954
EMP10959,40,Female,Support,Support Executive,Master's,2586.62,11,3.0,2,,No,2017-10-15,No,1,353429
EMP10410,32,Female,Support,Support Executive,Bachelor's,6561.25,4,1.0,4,4.9,No,2024-11-27,No,1,780216
EMP11116,24,Male,HR,HR Executive,Master's,4736.75,6,1.0,3,0.5,No,2021-07-20,No,1,581295
EMP10797,37,Male,HR,HR Manager,Bachelor's,6055.93,9,4.0,1,7.4,No,2019-01-20,No,1,306218
EMP10862,20,Male,Finance,Analyst,,8472.96,0,1.0,2,21.6,No,2015-07-06,No,1,922982
EMP10649,22,Male,Support,Support Executive,Master's,1200.0,4,1.0,3,5.9,No,2015-02-22,No,1,745191
EMP10395,42,Female,Finance,Accountant,Bachelor's,6459.81,1,4.0,1,8.7,Yes,2015-09-26,No,1,825607
EMP10621,32,Male,Finance,Analyst,Bachelor's,5933.63,0,1.0,4,7.1,No,2016-03-10,Yes,1,648210
EMP10459,42,Female,Marketing,Brand Manager,High School,3328.64,6,2.0,2,6.1,No,2018-09-12,No,1,406270
EMP10572,36,Male,Sales,Sales Executive,High School,3977.41,2,1.0,3,7.1,No,2021-07-06,No,1,255855
EMP10127,26,Female,Marketing,Brand Manager,Master's,,10,1.0,2,2.2,No,2022-05-07,No,1,373416
EMP11097,24,Female,Finance,Analyst,Master's,4397.63,13,3.0,1,10.9,Yes,2024-06-27,No,1,273726
EMP10952,38,Female,Engineering,Senior Engineer,Bachelor's,2852.7,4,4.0,3,2.8,No,2017-12-15,No,1,423541
EMP10705,28,Male,Engineering,QA Engineer,High School,3616.55,1,4.0,3,8.9,No,2020-03-23,No,1,614967
EMP10606,33,Female,Support,Support Lead,Bachelor's,5237.92,2,4.0,4,14.3,No,2023-05-02,No,1,831520
EMP10449,30,Female,Engineering,Senior Engineer,High School,5820.08,0,1.0,2,0.5,No,2022-11-03,Yes,1,348098
EMP10237,29,,Marketing,Brand Manager,High School,1446.75,2,3.0,1,33.8,Yes,2025-05-08,No,1,293617
EMP10167,30,Female,Sales,Sales Manager,Bachelor's,5661.21,6,2.0,4,10.8,no,2022-05-01,No,1,411457
EMP10635,40,Male,Finance,Analyst,High School,1973.4,1,1.0,4,,Yes,2019-09-27,No,1,639758
EMP10640,30,Female,Marketing,Brand Manager,,4060.6,0,2.0,2,23.0,No,2017-11-09,No,1,795542
EMP10080,37,Female,Support,Support Executive,Bachelor's,6037.03,0,2.0,2,5.7,No,2025-01-01,No,1,319387
EMP10414,27,Female,Sales,Sales Executive,Master's,5664.51,0,1.0,4,15.5,Yes,2023-02-05,No,1,795968
EMP10674,38,Male,Marketing,Marketing Executive,Bachelor's,3052.87,11,,2,13.8,No,2016-11-07,Yes,1,553375
EMP10300,27,Male,Finance,Analyst,Bachelor's,,9,1.0,1,0.6,Yes,2023-12-28,Yes,1,320566
EMP11177,27,Female,Support,Support Lead,Master's,10431.35,5,4.0,4,2.2,Yes,2016-11-15,Yes,1,981669
EMP10324,25,Male,Sales,Sales Manager,High School,5376.92,6,2.0,2,1.2,No,2017-09-30,No,1,233760
EMP10781,35,Male,Sales,Sales Executive,Bachelor's,4097.54,5,3.0,1,780.262368200942,No,2017-11-21,No,1,945587
EMP10215,36,Male,Support,Support Executive,Bachelor's,6774.42,7,4.0,3,3.6,No,2018-03-21,No,1,283923
EMP10626,31,Male,Support,Support Executive,Bachelor's,9292.57,5,3.0,3,2.5,No,2020-08-22,No,1,809238
EMP10030,34,Male,Finance,Analyst,Bachelor's,4764.2,4,3.0,3,7.7,Y,2024-07-14,No,1,540327
EMP10242,29,Female,Engineering,Senior Engineer,Master's,,11,1.0,3,17.9,No,2020-10-19,No,1,335436
EMP10982,18,Male,Support,Support Lead,Bachelor's,5047.43,3,4.0,1,4.0,Yes,2019-07-24,No,1,537122
EMP10209,40,Female,HR,HR Executive,Master's,6830.99,1,4.0,1,9.6,No,2022-02-07,No,1,507204
EMP10638,40,Male,Marketing,Brand Manager,Bachelor's,4117.44,3,3.0,3,7.0,No,2021-01-02,Yes,1,689818
EMP10435,42,Male,Marketing,Marketing Executive,Master's,5148.85,2,3.0,1,10.6,No,2016-11-08,No,1,338518
EMP11146,39,Female,Sales,Sales Executive,Master's,4671.72,1,3.0,1,1.7,Yes,2015-04-28,No,1,120277
EMP11114,45,Female,Support,Support Executive,Bachelor's,6725.22,3,1.0,1,0.7,Y,2017-07-03,No,1,805994
EMP10573,18,Female,Sales,Sales Executive,Bachelor's,2236.15,3,3.0,2,,No,2015-07-14,Yes,1,204832
EMP10403,18,Male,Sales,Sales Manager,Bachelor's,,1,4.0,1,13.2,Yes,2024-09-18,No,1,240646
EMP10239,32,Female,Marketing,Brand Manager,High School,9496.36,3,1.0,4,7.6,No,2015-01-01,No,1,493289
EMP10362,41,Female,HR,HR Executive,Master's,4407.21,4,3.0,1,6.7,No,2024-12-23,No,1,165926
EMP10271,29,Male,Engineering,QA Engineer,Bachelor's,4698.26,2,2.0,3,0.5,Yes,2018-03-19,No,1,396167
EMP10466,32,Female,HR,HR Manager,Bachelor's,1342.32,2,3.0,3,32.5,Yes,2017-06-23,No,1,568610
EMP11088,28,Female,Finance,Accountant,Bachelor's,4260.2,1,3.0,4,1.3,No,2019-02-28,No,1,348764
EMP10783,41,Female,Engineering,Software Engineer,High School,6692.52,2,3.0,3,4.0,No,2018-03-08,Yes,1,800129
EMP10277,18,Male,Engineering,QA Engineer,Bachelor's,5757.36,3,4.0,1,25.6,Yes,2016-04-21,No,1,391964
EMP11086,39,Male,Support,Support Lead,High School,7986.09,2,3.0,1,5.9,No,2023-09-25,No,1,168240
EMP11163,43,Male,HR,HR Manager,Bachelor's,1456.71,0,1.0,4,3.4,No,2020-05-11,No,1,591769
EMP10788,24,Female,Sales,Sales Executive,Bachelor's,2503.46,6,2.0,3,6.5,No,2017-04-21,No,1,750843
EMP10702,32,Male,Finance,Accountant,PhD,3871.62,2,3.0,1,11.1,Yes,2015-02-06,No,1,262174
EMP10442,36,Male,HR,HR Manager,Bachelor's,4850.52,1,2.0,2,4.5,No,2025-03-03,Yes,1,858372
EMP10299,40,Female,Finance,Analyst,High School,3264.76,0,1.0,4,3.0,No,2022-11-26,No,1,331597
EMP10375,32,Female,HR,HR Manager,High School,3903.11,1,1.0,1,2.7,Yes,2015-08-29,No,1,991396
EMP10668,47,Male,Engineering,Senior Engineer,Bachelor's,2370.26,0,4.0,2,1.2,Yes,2018-09-25,No,1,140292
EMP10810,31,FEMALE,HR,HR Executive,Bachelor's,4022.06,3,2.0,4,10.9,Yes,2021-10-20,No,1,334261
EMP10658,34,Male,Sales,Sales Manager,Master's,5794.81,5,2.0,3,16.7,No,2024-04-02,No,1,877472
EMP10472,40,Male,Engineering,Software Engineer,Bachelor's,3075.3,1,1.0,1,19.2,N,2018-01-11,No,1,636184
EMP10586,35,Male,Marketing,Marketing Executive,Bachelor's,1200.0,2,1.0,2,4.6,No,2025-01-07,No,1,836648
EMP11169,53,Female,Sales,Sales Executive,Master's,,9,3.0,2,1.3,No,2021-10-07,No,1,969051
EMP10388,21,Female,Support,Support Lead,Bachelor's,3377.58,2,2.0,3,33.6,No,2023-04-22,Yes,1,136804
EMP10022,57,Male,Finance,Analyst,High School,3622.86,11,3.0,2,34.4,Yes,2019-11-12,No,1,325461
EMP10547,29,Female,Marketing,Brand Manager,High School,6650.34,4,2.0,1,0.6,No,2020-02-11,No,1,571263
EMP10961,32,Male,Finance,Analyst,Master's,7864.84,4,1.0,1,2.8,No,2023-06-02,No,1,674912
EMP10423,32,Female,Engineering,QA Engineer,Bachelor's,6844.2,3,1.0,2,1.1,No,2015-12-11,No,1,793502
EMP10999,18,Female,HR,HR Manager,Master's,,0,1.0,2,9.5,No,2024-05-04,No,1,848270
EMP10891,36,Female,Sales,Sales Manager,High School,6850.1 USD,2,1.0,2,16.1,Yes,2025-02-15,Yes,1,445011
EMP10677,48,Male,Finance,Accountant,Bachelor's,3724.35,1,4.0,2,6.7,No,2024-03-12,No,1,891098
EMP99006,51,Female,Sales,Sales Executive,Bachelor's,4726.22,11,2.0,3,1.0,No,2017-05-28,No,1,186754
EMP10142,27,Male,Support,Support Lead,Bachelor's,7674.82,2,2.0,1,19.1,No,2022-08-30,Yes,1,448152
EMP10050,30,Male,Marketing,Marketing Executive,Bachelor's,6456.75,1,4.0,4,9.1,No,2022-02-26,Yes,1,707463
EMP10700,47,Male,Sales,Sales Executive,Bachelor's,3209.27,1,3.0,4,2.3,Yes,2022-11-16,No,1,678031
EMP11164,43,Male,Sales,Sales Manager,Bachelor's,5098.88,0,2.0,1,22.3,No,2016-10-25,No,1,515560
EMP10081,18,Male,Engineering,Senior Engineer,Master's,5564.04,0,2.0,3,17.5,No,2019-08-16,No,1,194153
EMP10482,42,Male,Finance,Accountant,Bachelor's,3535.99,2,3.0,1,,Yes,2019-06-29,No,1,211327
EMP10321,28,Female,Support,Support Executive,Bachelor's,4925.22,0,4.0,3,4.7,Yes,2020-08-07,No,1,148943
EMP11010,37,Male,HR,HR Executive,High School,7034.91,2,1.0,3,5.2,No,2019-05-11,Yes,1,351444
EMP10724,28,Female,HR,HR Manager,High School,1456.48,1,2.0,2,4.6,No,2015-06-12,Yes,1,575416
EMP11166,26,Female,Support,Support Executive,Bachelor's,55866.89726524971,4,3.0,1,39.5,Yes,2021-10-03,Yes,1,263752
EMP10066,37,Male,Engineering,Senior Engineer,Bachelor's,2602.97,1,2.0,1,8.8,No,2016-08-13,No,1,626514
EMP10967,34,Female,Engineering,Senior Engineer,Bachelor's,8246.84,14,4.0,1,1.6,No,2015-09-10,No,1,309116
EMP11143,22,Female,Finance,Analyst,Bachelor's,5843.78,12,2.0,2,8.3,No,2025-05-19,Yes,1,676649
EMP10777,36,Female,Marketing,Marketing Executive,Bachelor's,8279.66,5,3.0,4,10.2,No,2017-01-31,No,1,554151
EMP10417,36,Male,HR,HR Manager,Master's,3446.9,0,4.0,2,8.9,No,2015-01-22,No,1,610623
EMP10747,18,Male,Finance,Analyst,Bachelor's,7379.33,2,2.0,1,7.0,No,2017-03-27,No,1,288910
EMP10064,51,Male,HR,HR Manager,Bachelor's,9169.35,1,1.0,2,0.5,No,2017-02-06,No,1,504738
EMP10951,39,Female,Engineering,Senior Engineer,High School,,3,1.0,1,5.0,No,2024-01-15,Yes,1,453391
EMP10996,34,Male,Finance,Accountant,Master's,4733.74,0,3.0,4,3.0,No,2021-07-01,No,1,480974
EMP10733,43,Female,HR,HR Manager,Bachelor's,2239.22,8,3.0,1,1.0,No,2020-03-17,No,1,150536
EMP10491,37,Female,Engineering,Software Engineer,Bachelor's,6555.57,1,1.0,2,0.5,Yes,2018-08-03,Yes,1,604774
EMP10748,34,Female,Marketing,Brand Manager,Bachelor's,6185.14,1,4.0,2,7.3,No,2015-05-10,No,1,152686
EMP10833,37,Male,Sales,Sales Executive,Bachelor's,6955.28,3,1.0,1,7.6,No,2021-03-18,No,1,346568
EMP10065,34,Female,HR,HR Manager,Bachelor's,3514.67,4,2.0,4,2.9,No,2025-03-28,No,1,768085
EMP11027,47,Male,Finance,Accountant,High School,8258.84,6,3.0,2,0.5,Yes,2022-12-02,No,1,718116
EMP10699,38,Male,Finance,Accountant,High School,4397.1,4,3.0,3,8.2,Yes,2021-09-27,No,1,996439
EMP11020,33,Female,Finance,Analyst,Bachelor's,9333.59,5,4.0,1,1.8,Yes,2021-06-03,No,1,721540
EMP10296,38,Male,Sales,Sales Executive,Master's,3640.29,1,4.0,2,9.0,No,2021-08-27,No,1,403034
EMP10419,29,Male,HR,HR Executive,Bachelor's,6288.61,13,3.0,4,10.1,No,2022-01-29,No,1,234079
EMP10438,35,Female,Marketing,Brand Manager,Bachelor's,4831.63,6,1.0,2,1.9,Yes,2024-03-05,No,1,839541
EMP10261,18,Female,Finance,Analyst,Master's,6164.97,1,1.0,4,0.8,No,2020-10-08,No,1,562642
EMP10731,47,Male,Engineering,Software Engineer,High School,7888.18,8,2.0,2,4.6,No,2015-07-18,No,1,891204
EMP10281,18,Female,Finance,Accountant,Bachelor's,6286.2,0,3.0,3,1.9,Yes,2024-09-10,No,1,244304
EMP10664,35,Male,HR,HR Manager,Bachelor's,5766.69,5,4.0,1,1.3,Yes,2015-09-22,Yes,1,346008
EMP10712,35,Male,Support,Support Lead,High School,4545.57,4,1.0,3,13.6,No,2024-08-17,Yes,1,983064
EMP10188,26,Male,Finance,Accountant,Master's,9902.12,5,1.0,1,4.4,No,2017-12-19,No,1,131753
EMP10937,23,Male,Marketing,Brand Manager,Bachelor's,6925.7,9,2.0,3,23.9,Yes,2017-07-05,No,1,400870
EMP10251,26,Male,HR,HR Manager,Bachelor's,3315.74,5,3.0,1,4.1,No,2017-12-19,No,1,458779
EMP10789,33,Male,Engineering,QA Engineer,Bachelor's,9540.13,19,2.0,2,0.5,No,2016-02-16,No,1,380440
EMP10732,52,Male,HR,HR Executive,Bachelor's,3394.64,5,1.0,4,3.3,Yes,2023-12-02,No,1,968619
EMP10514,38,Male,Engineering,Software Engineer,Master's,9212.65,9,1.0,3,0.9,Yes,2016-02-25,No,1,229075
EMP10623,42,Male,Engineering,QA Engineer,High School,4791.88,2,2.0,1,2.7,No,2015-01-11,No,1,569505
EMP10487,34,Female,Engineering,Senior Engineer,Bachelor's,7742.92,0,3.0,1,0.8,Yes,2025-02-09,No,1,575482
EMP10273,43,Male,Support,Support Lead,Master's,7635.1,5,3.0,2,2.4,Yes,2020-01-07,No,1,441212
EMP11058,49,Male,Marketing,Brand Manager,Bachelor's,8989.38,2,1.0,2,4.2,No,2018-04-03,Yes,1,994521
EMP11102,36,Male,Support,Support Lead,Bachelor's,8972.4,3,3.0,1,11.2,Yes,2020-06-08,No,1,861391
EMP10448,42,Male,HR,HR Executive,Bachelor's,5406.93,20,3.0,4,5.1,No,2020-04-11,No,1,763801
EMP10411,45,Female,Marketing,Brand Manager,Bachelor's,4473.06,3,4.0,3,1.1,Yes,2019-03-24,Yes,1,560837
EMP10895,22,Female,Finance,Analyst,Bachelor's,1589.13,3,4.0,3,19.1,No,2021-08-15,No,1,509748
EMP10756,23,Female,Support,Support Lead,Master's,8264.12,6,,2,0.5,No,2024-10-13,No,1,175150
EMP10978,38,Female,SALES,Software Engineer,Bachelor's,3287.51,1,4.0,3,0.5,No,2024-05-29,Yes,1,835309
EMP11055,41,Female,Sales,Sales Executive,Bachelor's,2273.49,4,3.0,1,0.5,Yes,2021-05-10,Yes,1,898218
EMP10149,41,Male,Sales,Sales Manager,Bachelor's,1787.84,5,1.0,2,9.2,No,2019-06-30,No,1,410176
EMP10218,37,Male,Finance,Accountant,Bachelor's,6712.03,6,3.0,2,5.2,Yes,2019-01-01,Yes,1,191072
EMP10239,32,Female,Marketing,Brand Manager,High School,9496.36,3,1.0,4,7.6,No,2015-01-01,No,1,493289
EMP10757,40,Male,Engineering,QA Engineer,Master's,2205.84,0,2.0,2,0.8,No,2024-09-08,No,1,544355
EMP10192,22,Male,Support,Support Executive,Bachelor's,6699.71,0,4.0,4,10.4,No,2021-04-04,No,1,342567
EMP10191,39,Male,Sales,Sales Executive,Bachelor's,,4,1.0,2,2.9,Yes,2022-11-14,No,1,410347
EMP10617,38,Male,Support,Support Executive,Bachelor's,2421.31,1,2.0,3,3.7,No,2024-02-09,Yes,1,576086
EMP11093,36,Female,Engineering,Software Engineer,Master's,4757.27,1,3.0,4,2.4,Yes,2018-12-17,No,1,982777
EMP10633,35,Male,HR,HR Executive,Bachelor's,4980.21,0,2.0,2,22.0,No,2017-11-11,No,1,784726
EMP10743,18,Female,HR,HR Manager,PhD,5700.4,12,1.0,2,3.1,No,2021-01-28,No,1,732299
EMP10874,38,Female,Marketing,Brand Manager,Master's,7812.01,0,2.0,2,9.1,No,2015-07-12,No,1,259686
EMP10985,27,Female,Support,Support Executive,Bachelor's,9109.99,2,2.0,2,8.7,No,2023-03-22,No,1,468053
EMP10746,48,,Finance,Accountant,,,2,3.0,2,0.5,Yes,2023-02-23,No,1,163003
EMP10582,32,Male,HR,HR Manager,Master's,4101.23,11,3.0,3,3.7,No,2022-05-13,No,1,660586
EMP11083,46,M,Finance,Accountant,High School,9157.237645081284,10,4.0,4,0.7,Yes,2016-01-31,No,1,861625
EMP10323,26,,Sales,Sales Executive,Bachelor's,5642.87,6,2.0,4,20.5,No,2022-10-11,No,1,168353
EMP10976,42,Female,Marketing,Brand Manager,Master's,4426.28,4,2.0,3,4.9,No,2023-11-13,No,1,273950
EMP10901,30,Male,HR,HR Manager,Bachelor's,3810.76,3,1.0,4,18.7,No,2021-10-18,Yes,1,109432
EMP10795,24,Male,Finance,Accountant,Bachelor's,6377.54,1,2.0,4,4.7,Yes,2015-03-25,No,1,987911
EMP10437,38,Male,Engineering,Software Engineer,Bachelor's,3487.98,1,3.0,4,3.6,No,2017-02-02,No,1,859971
EMP10813,39,Male,Engineering,Senior Engineer,Bachelor's,5774.13 USD,0,1.0,1,5.8,No,2019-12-25,Yes,1,217101
EMP10883,36,Male,Support,Support Lead,,9194.35,1,4.0,1,3.3,No,2025-01-28,Yes,1,231477
EMP10341,22,Male,Sales,Sales Manager,Bachelor's,7562.55,0,3.0,2,4.7,No,2017-02-26,No,1,705194
EMP10002,46,Male,Finance,Analyst,Bachelor's,4557.68,1,4.0,2,0.6,yes,2019-11-09,No,1,429978
EMP10229,18,,Sales,Sales Executive,Master's,6609.78,3,4.0,3,8.8,No,2019-11-15,No,1,390216
EMP10680,41,Female,Sales,Sales Manager,Bachelor's,6102.54,0,4.0,1,9.4,Yes,2021-09-19,No,1,436467
EMP11182,46,Male,HR,HR Manager,Bachelor's,4564.69,2,1.0,4,32.6,No,2020-03-20,Yes,1,591117
EMP10076,47,Male,Sales,Sales Manager,PhD,5946.15,4,1.0,1,0.9,Yes,2016-10-19,Yes,1,598021
EMP11131,55,Male,Marketing,Brand Manager,Bachelor's,6597.8,0,1.0,4,13.7,No,2019-03-19,No,1,901602
EMP10371,59,Female,HR,HR Executive,Bachelor's,7406.01,0,4.0,1,6.5,Yes,2018-05-08,No,1,288784
EMP10180,44,Female,HR,HR Executive,Bachelor's,5845.91,1,4.0,3,,Yes,2024-05-27,No,1,226868
EMP10750,999,male,Sales,Sales Executive,Bachelor's,3060.55,0,2.0,1,6.7,N,2017-07-31,Yes,1,801935
EMP10577,33,Male,Sales,Sales Executive,Master's,7049.71,0,1.0,2,3.6,Yes,2023-09-19,No,1,322218
EMP10943,37,Male,HR,HR Executive,High School,6869.48,9,4.0,2,18.9,Yes,2022-07-18,No,1,915583
EMP10800,49,Female,HR,HR Executive,High School,4580.24,0,1.0,4,6.9,Yes,2023-04-04,No,1,245742
EMP11048,38,Male,Sales,Sales Manager,High School,5951.44,6,1.0,3,11.3,No,2016-08-01,No,1,418862
EMP11039,38,Female,Finance,Accountant,Master's,6971.38,0,1.0,4,,No,2023-08-07,No,1,671216
EMP10681,29,Female,SALES,Accountant,Bachelor's,5558.95,0,2.0,2,8.1,No,2023-10-22,No,1,126992
EMP10589,36,Female,SALES,QA Engineer,High School,10881.15,5,3.0,3,11.7,Yes,2017-07-21,No,1,748378
EMP10815,47,Male,Marketing,Brand Manager,Bachelor's,2579.09,1,1.0,1,14.3,No,2016-12-10,No,1,441475
EMP10860,44,Female,HR,HR Executive,Master's,37318.08684201245,0,,3,1.8,No,2015-05-11,No,1,123276
EMP11018,41,Male,Marketing,Brand Manager,Bachelor's,3209.39,8,1.0,1,1.2,Yes,2020-06-26,No,1,626041
EMP10998,30,Male,HR,HR Executive,High School,9002.66,5,3.0,1,6.4,No,2025-04-09,No,1,485540
EMP10037,33,Female,Sales,Sales Executive,Bachelor's,1200.0,4,1.0,3,0.5,No,2025-01-27,No,1,512692
EMP10353,26,Male,Marketing,Marketing Executive,High School,5509.48,10,4.0,2,3.4,No,2016-08-23,No,1,776180
EMP11123,31,Male,Support,Support Lead,PhD,5889.35,1,3.0,2,1.4,No,2024-07-28,No,1,664187
EMP10236,31,Female,Finance,Analyst,Master's,7191.72,1,3.0,3,0.6,No,2017-11-19,No,1,802550
EMP11138,19,Male,HR,HR Manager,Bachelor's,8717.81,9,4.0,3,1.1,Yes,2025-02-04,No,1,995443
EMP10499,33,Male,Support,Support Lead,Bachelor's,10154.39,1,1.0,3,21.9,Yes,2015-05-24,No,1,998824
EMP10553,31,Female,Engineering,Senior Engineer,Bachelor's,1411.33,2,1.0,1,6.1,Yes,2025-03-23,No,1,352911
EMP10055,23,Female,Marketing,Marketing Executive,Bachelor's,3544.65,3,4.0,4,1.3,No,2017-09-11,No,1,122340
EMP10302,41,Female,Finance,Accountant,Bachelor's,5614.03,0,2.0,1,0.6,No,2016-02-21,No,1,977714
EMP10286,35,Male,HR,HR Executive,Bachelor's,8601.79,6,1.0,3,0.5,No,2021-06-05,No,1,312308
EMP10845,45,Female,Support,Support Lead,High School,3981.77,1,4.0,4,12.8,Yes,2019-01-22,Yes,1,174585
EMP10219,30,Male,Finance,Accountant,Bachelor's,6416.01,0,1.0,2,0.5,No,2016-04-09,No,1,278305
EMP10669,22,Male,Support,Support Lead,Bachelor's,5754.21,3,2.0,3,21.0,No,2021-01-29,No,1,627581
EMP10387,50,Female,Sales,Sales Manager,Master's,5876.1,1,2.0,2,20.4,No,2018-04-23,No,1,341087
EMP11101,25,Male,Marketing,Marketing Executive,,5684.55,7,4.0,4,13.8,No,2019-03-17,No,1,407433
EMP10390,26,Male,Sales,Sales Manager,Bachelor's,5136.41,3,4.0,4,8.6,Yes,2015-05-08,Yes,1,188928
EMP10352,31,Female,Marketing,Brand Manager,Bachelor's,5613.63,1,4.0,4,1.4,Yes,2023-04-13,No,1,824255
EMP10193,30,Female,Support,Support Lead,PhD,4035.07,2,3.0,1,4.2,Yes,2016-01-27,No,1,858388
EMP10235,26,M,Sales,Sales Manager,Bachelor's,6108.11,0,4.0,4,20.0,N,2022-10-08,No,1,837504
EMP11127,42,Female,Marketing,Marketing Executive,High School,8596.5,38,2.0,4,4.0,No,2021-11-13,No,1,140395
EMP10480,36,Female,Sales ,Sales Manager,Bachelor's,7978.88 USD,5,4.0,4,0.5,No,2018-01-24,No,1,872778
EMP10567,46,Female,Sales,Sales Executive,Master's,8048.09,4,3.0,4,1.4,No,2023-03-17,No,1,236516
EMP10116,44,Female,Sales,Sales Executive,Bachelor's,7150.27,0,4.0,2,2.5,Yes,2021-02-03,Yes,1,473270
EMP10964,41,Female,Finance,Accountant,Bachelor's,,0,2.0,3,6.1,Yes,2022-02-06,No,1,324402
EMP10653,31,Female,Sales,Sales Manager,Bachelor's,9618.92,2,3.0,2,5.7,No,2022-05-15,No,1,795776
EMP11019,26,Female,Sales,Sales Executive,Master's,4282.41,4,1.0,2,10.3,Yes,2021-02-02,Yes,1,678785
EMP11134,18,Female,Sales,Sales Manager,Bachelor's,6142.66,2,3.0,2,13.6,No,2016-06-03,No,1,238115
EMP10839,40,Female,Finance,Analyst,Bachelor's,4771.74,4,1.0,4,4.5,No,2019-08-10,No,1,772911
EMP10820,42,Male,HR,HR Executive,Master's,5577.33,0,3.0,1,4.3,Yes,2015-12-10,No,1,744106
EMP10120,35,Female,Engineering,Senior Engineer,High School,3756.44,0,2.0,3,2.7,No,2018-05-05,No,1,619663
EMP10863,18,Male,Finance,Analyst,Bachelor's,4582.14,2,1.0,4,18.4,No,2024-01-04,No,1,943242
EMP11045,29,Female,Support,Support Lead,Bachelor's,3105.33,9,3.0,3,5.0,No,2020-10-01,Yes,1,931581
EMP10816,29,Female,Engineering,QA Engineer,Bachelor's,3044.56,8,2.0,2,9.2,No,2015-05-24,Yes,1,414637
EMP10062,18,Female,Engineering,Software Engineer,Bachelor's,11108.52,2,2.0,3,2.6,No,2021-02-21,No,1,711389
EMP10706,32,,Engineering,Senior Engineer,Bachelor's,1200.0,5,3.0,4,8.6,No,2018-03-18,No,1,153426
EMP10453,33,Female,Marketing,Marketing Executive,Bachelor's,6294.2,5,1.0,1,0.5,No,2018-09-23,No,1,743096
EMP10515,36,Male,Finance,Analyst,Bachelor's,1200.0,3,3.0,1,12.0,No,2024-08-01,Yes,1,288636
EMP10570,41,,Finance,Analyst,Bachelor's,9073.9,0,4.0,2,5.7,No,2015-05-26,No,1,766309
EMP10223,37,male,Sales,Sales Manager,Bachelor's,8511.33,9,1.0,3,9.4,No,2018-08-22,No,1,569298
EMP10613,38,Male,Support,Support Lead,Master's,6911.15,5,1.0,1,5.2,No,2016-07-22,No,1,406393
EMP10221,39,Male,Marketing,Brand Manager,High School,8011.26,5,4.0,2,17.5,No,2015-10-14,No,1,180035
EMP10708,23,Male,Engineering,Software Engineer,High School,6967.55,4,3.0,2,2.6,Yes,2022-03-23,No,1,140988
EMP10837,33,Male,Finance,Accountant,High School,6924.27,0,2.0,2,10.9,No,2021-03-24,No,1,733528
EMP10465,33,Female,HR,HR Manager,PhD,6777.37,8,2.0,1,6.4,No,2015-07-04,No,1,635662
EMP10052,48,Female,Support,Support Executive,Master's,6068.1,6,4.0,4,7.9,Yes,2016-07-26,No,1,273304
EMP11121,26,Male,Finance,Accountant,Master's,5732.15,3,4.0,1,41.7,Yes,2016-08-05,Yes,1,424418
EMP10485,42,Male,Support,Support Lead,High School,1350.13,2,3.0,1,1.0,No,2018-03-18,No,1,509706
EMP11168,28,Male,HR,HR Executive,Master's,5465.61,7,3.0,2,4.3,Yes,2016-12-29,Yes,1,438600
EMP10972,24,Male,Sales,Sales Executive,Bachelor's,1200.0,3,1.0,4,7.5,No,2024-05-13,No,1,826560
EMP10155,45,Female,Finance,Analyst,Bachelor's,8281.99,1,1.0,1,4.4,No,2020-08-09,No,1,822447
EMP10970,44,Male,HR,HR Manager,Bachelor's,5543.93,7,4.0,2,1.2,No,2017-11-08,No,1,624787
EMP10600,45,Male,Support,Support Executive,Master's,7686.55,0,3.0,1,1.5,Yes,2020-05-03,No,1,735163
EMP10928,39,Male,HR,HR Executive,High School,5285.87,5,3.0,2,2.1,Yes,2017-07-21,No,1,651358
EMP10248,36,Female,Marketing,Marketing Executive,Master's,6338.8,1,3.0,1,0.8,Yes,2019-10-31,No,1,843542
EMP10441,37,Female,Finance,Analyst,Bachelor's,6462.88,6,4.0,3,15.2,No,2019-06-22,No,1,459955
EMP11111,46,Male,Sales,Sales Manager,,5915.09,0,3.0,1,11.4,Yes,2021-07-29,No,1,995610
EMP11124,27,Female,Finance,Accountant,Bachelor's,1200.0,2,4.0,3,20.6,No,2019-10-07,No,1,773199
EMP10542,34,Male,Finance,Analyst,Bachelor's,6539.9,8,4.0,1,0.5,Yes,2016-06-26,Yes,1,322234
EMP10701,29,Male,HR,HR Executive,PhD,9597.48,0,2.0,2,8.2,yes,2019-05-09,No,1,662363
EMP10117,38,Male,Engineering,Software Engineer,High School,5274.73,4,1.0,2,3.8,No,2024-09-01,No,1,649435
EMP11033,45,Female,HR,HR Manager,Bachelor's,,3,,4,2.4,No,2020-07-30,No,1,463000
EMP10628,41,Male,Support,Support Executive,Bachelor's,5858.75,0,3.0,3,3.2,No,2016-01-18,Yes,1,511604
EMP10751,24,Female,Finance,Accountant,Master's,5016.02,1,4.0,3,11.3,No,2019-02-22,No,1,779980
EMP10975,18,Male,Finance,Analyst,Master's,2527.25,4,2.0,1,10.0,Yes,2020-11-15,No,1,333549
EMP10291,44,Male,Engineering,Senior Engineer,PhD,6333.01,5,1.0,4,17.9,No,2017-10-04,Yes,1,175205
EMP11067,36,Male,Sales,Sales Executive,Master's,2300.18,2,3.0,2,15.1,Yes,2018-06-26,No,1,188094
EMP10381,56,Female,Sales,Sales Manager,Master's,5354.38,3,2.0,2,8.4,No,2016-11-11,No,1,592449
EMP10736,18,Female,Marketing,Marketing Executive,PhD,4660.69,4,4.0,2,5.0,Yes,2019-07-31,No,1,231928
EMP10990,42,Male,sales,Analyst,Bachelor's,3850.99,10,4.0,4,4.2,Yes,2020-07-23,Yes,1,803926
EMP10200,22,Female,Engineering,Software Engineer,Bachelor's,,0,1.0,2,1.4,No,2017-11-27,No,1,407517
EMP10596,38,Male,HR,HR Executive,Bachelor's,3810.85,5,2.0,2,8.3,No,2019-10-15,No,1,235827
EMP99003,38,Female,HR,HR Executive,Master's,5434.09,2,2.0,1,4.2,No,2016-08-01,No,1,250669
EMP11165,21,Female,Finance,Accountant,Bachelor's,4242.31,1,,4,20.4,Yes,2024-08-03,No,1,644758
EMP11043,28,Male,HR,HR Executive,High School,6027.76,7,4.0,3,4.5,No,2019-01-09,No,1,657457
EMP10729,48,Male,Engineering,QA Engineer,Bachelor's,6360.89,3,3.0,3,4.5,No,2023-06-13,No,1,929923
EMP10930,29,Female,Sales,Sales Executive,Bachelor's,6611.12,9,2.0,1,2.6,No,2020-06-13,No,1,257756
EMP10505,27,Female,Finance,Analyst,Bachelor's,6238.86,27,2.0,4,,No,2015-03-31,No,1,384126
EMP10348,48,Female,Engineering,Senior Engineer,High School,5414.4,5,3.0,2,0.9,No,2018-02-11,No,1,178871
EMP10977,20,Female,Finance,Accountant,Bachelor's,4198.6,3,1.0,1,24.3,Yes,2020-03-07,Yes,1,149000
EMP99002,33,Female,Finance,Accountant,Master's,6401.45,5,3.0,1,1.3,No,2017-10-31,No,1,322360
EMP10340,26,Male,Engineering,Software Engineer,,6346.39,1,1.0,3,4.7,No,2021-05-26,No,1,417421
EMP10615,26,Female,Engineering,QA Engineer,Master's,6874.01,0,2.0,4,5.2,No,2021-02-08,No,1,239498
EMP10154,22,Female,Marketing,Marketing Executive,Bachelor's,5117.56,3,4.0,1,3.7,No,2025-03-24,No,1,993696
EMP11132,26,Female,Sales,Sales Executive,Bachelor's,5577.97,0,2.0,4,13.3,No,2022-10-24,Yes,1,904302
EMP10804,55,Male,Finance,Accountant,High School,9091.94,0,1.0,2,1.8,No,2023-10-18,No,1,407712
EMP10077,35,Female,Support,Support Lead,Bachelor's,6047.33,6,2.0,3,3.4,Yes,2016-05-16,No,1,365279
EMP10287,37,Female,Support,Support Lead,Master's,3774.63,1,3.0,4,2.5,Yes,2015-04-08,No,1,804553
EMP10322,25,Male,HR,HR Executive,Bachelor's,4734.03,0,3.0,1,19.1,No,2023-11-06,No,1,411270
EMP10962,33,Female,Finance,Analyst,Bachelor's,1200.0,0,1.0,2,0.5,Yes,2016-11-12,No,1,733625
EMP10866,36,Female,Marketing,Marketing Executive,Bachelor's,1200.0,2,4.0,3,2.6,Yes,2017-11-30,No,1,320755
EMP10840,33,,HR,HR Manager,Bachelor's,,1 yrs,1.0,4,4.4,No,2015-10-07,Yes,1,410039
EMP10082,28,Female,Finance,Accountant,PhD,4782.22,2,4.0,2,0.5,N,2022-09-26,No,1,938140
EMP10848,31,F,HR,HR Executive,High School,2054.55,0,1.0,2,0.5,No,2024-01-21,Yes,1,593026
EMP10464,52,Male,Support,Support Executive,Bachelor's,4249.43,2,3.0,4,4.5,No,2021-07-21,Yes,1,802548
EMP10841,29,Male,Finance,Analyst,Bachelor's,8587.94,2,3.0,3,17.1,Yes,2018-08-25,No,1,664337
EMP10798,39,Male,Finance,Accountant,Bachelor's,6510.69,1,3.0,4,1.7,No,2023-08-24,Yes,1,256825
EMP11199,35,Female,Support,Support Lead,Bachelor's,5896.11,2,1.0,4,6.2,Yes,2022-08-17,Yes,1,723939
EMP10968,53,Female,Engineering,Senior Engineer,Bachelor's,3854.71,17,4.0,3,1.8,Yes,2016-05-02,No,1,522218
EMP10333,41,Male,Sales,Sales Executive,Bachelor's,9769.91,1,3.0,1,6.6,No,2022-08-15,No,1,589687
EMP10010,26,Female,Engineering,QA Engineer,Bachelor's,3409.95,8,2.0,1,1.5,No,2019-09-28,Yes,1,516884
EMP10738,34,Male,Finance,Analyst,Bachelor's,5355.02,0,2.0,3,0.6,No,2019-09-21,No,1,293496
EMP10470,35,Male,Engineering,Software Engineer,Bachelor's,5896.74,1,4.0,3,2.6,No,2021-03-12,No,1,608955
EMP10032,51,Female,Marketing,Marketing Executive,Bachelor's,2041.51,0,1.0,4,4.6,No,2024-12-22,No,1,938233
EMP10825,37,Male,Sales ,Software Engineer,Bachelor's,7573.62,4,,1,1.9,No,2016-01-22,No,1,197928
EMP10413,42,Female,sales,HR Executive,Bachelor's,4479.76,0,4.0,3,830.3160956728087,No,2017-07-30,No,1,688055
EMP10580,27,Male,Sales,Sales Executive,Master's,3345.37,4,4.0,2,5.4,Y,2022-08-26,No,1,514183
EMP10382,46,Male,HR,HR Executive,PhD,6637.38,2,4.0,1,5.5,No,2019-02-10,Yes,1,504145
EMP10870,29,Male,HR,HR Manager,Bachelor's,6406.14,0,1.0,2,3.1,No,2015-01-25,No,1,365866
EMP11098,43,Female,Marketing,Marketing Executive,Bachelor's,3825.01,1,2.0,2,18.4,No,2017-03-31,No,1,606696
EMP11196,28,Male,Support,Support Lead,Bachelor's,4897.88,1,1.0,2,26.7,Yes,2017-03-08,No,1,371061
EMP11181,30,Male,Finance,Analyst,Bachelor's,7281.0,0,1.0,3,0.6,No,2021-10-28,No,1,146978
EMP11167,23,Female,Engineering,Software Engineer,Master's,5961.05,3,4.0,1,2.4,No,2023-02-24,No,1,551790
EMP10378,38,Male,Engineering,Software Engineer,Bachelor's,4804.53,3,4.0,2,7.0,Yes,2020-09-14,No,1,905423
EMP10089,28,Female,Engineering,Software Engineer,Master's,6373.47,0,1.0,1,6.2,No,2020-07-25,No,1,577764
EMP10835,24,Male,Finance,Analyst,Bachelor's,6898.18,3,3.0,2,9.4,No,2015-12-10,No,1,249375
EMP10601,32,male,Sales,Sales Manager,PhD,7169.2,3,4.0,3,4.1,Yes,2017-11-13,Yes,1,594690
EMP10213,32,Female,Marketing,Marketing Executive,Bachelor's,4496.46,5,2.0,1,7.6,No,2015-03-13,No,1,183506
EMP10332,52,Female,Marketing,Brand Manager,Master's,5640.75,2,2.0,3,5.3,No,2016-02-17,Yes,1,980984
EMP10133,46,Male,Support,Support Executive,Master's,7611.1,8,1.0,4,6.5,Yes,2018-02-14,No,1,591107
EMP10346,25,Female,Support,Support Executive,Bachelor's,3740.75,14,2.0,4,1.4,Yes,2024-02-20,Yes,1,155523
EMP10906,58,Female,Finance,Accountant,Bachelor's,3382.79,2,1.0,1,1.2,No,2022-09-14,Yes,1,759249
EMP10007,39,Male,Engineering,QA Engineer,Bachelor's,5813.34,3,1.0,3,6.0,No,2018-05-05,No,1,250275
EMP10888,18,Male,Marketing,Marketing Executive,Master's,4525.85,0,1.0,2,2.3,No,2022-12-03,No,1,627218
EMP10320,28,Female,Marketing,Marketing Executive,High School,7202.56,1,4.0,1,1.0,No,2022-03-14,No,1,548067
EMP11070,200,Male,Sales,Sales Manager,Bachelor's,,2,4.0,1,,Yes,2019-12-31,No,1,930457
EMP10187,24,Male,Support,Support Lead,Bachelor's,4010.0,9,2.0,4,0.8,No,2019-09-10,Yes,1,179561
EMP10634,45,Female,Support,Support Executive,Bachelor's,3275.79,0,4.0,3,33.7,No,2018-03-05,No,1,154553
EMP10552,63,Female,Support,Support Executive,Master's,5929.62,2,1.0,4,5.1,No,2022-01-01,Yes,1,293927
EMP10304,26,Male,Finance,Accountant,Bachelor's,5205.14,2,1.0,1,1.9,Yes,2019-07-28,Yes,1,113899
EMP10031,32,Female,Marketing,Marketing Executive,Bachelor's,5646.4 USD,1,1.0,3,8.2,No,2024-11-28,Yes,1,652941
EMP10880,25,Female,HR,HR Manager,Bachelor's,6400.36,0,4.0,1,18.6,No,2015-01-02,No,1,459669
EMP10684,34,Male,Sales,Sales Manager,High School,3198.4,2,2.0,4,5.7,Yes,2017-05-30,No,1,781157
EMP10321,28,Female,Support,Support Executive,Bachelor's,4925.22,0,4.0,3,4.7,Yes,2020-08-07,No,1,148943
EMP10240,34,male,Marketing,Marketing Executive,Bachelor's,3956.11,0,4.0,4,2.5,No,2018-01-22,No,1,393202
EMP10067,40,Male,Finance,Accountant,Master's,8253.8,1,2.0,4,40.9,Yes,2018-04-28,No,1,191704
EMP10174,34,Male,Support,Support Executive,Master's,4830.26,3,2.0,2,2.9,No,2022-11-26,No,1,542881
EMP10766,41,Male,Engineering,Software Engineer,Bachelor's,5941.25,6,2.0,2,7.7,Yes,2022-11-08,No,1,644341
EMP11198,25,M,Finance,Analyst,Bachelor's,5364.24,2,1.0,1,0.9,Yes,2020-01-03,No,1,307915
EMP10245,32,Male,Support,Support Executive,Bachelor's,7232.46,7,2.0,1,6.1,Yes,2015-07-16,No,1,416100
EMP10056,39,Male,Marketing,Brand Manager,Bachelor's,2314.12,0,2.0,2,13.2,No,2017-11-22,No,1,891118
EMP10630,36,Male,HR,HR Manager,High School,7918.57,5,1.0,2,5.3,No,2024-07-07,No,1,310692
EMP10583,41,M,Finance,Accountant,Master's,7429.03,1,,4,2.0,Yes,2015-06-17,No,1,968131
EMP11051,31,Female,Engineering,Software Engineer,High School,5809.16,1,1.0,3,1.9,No,2022-10-24,No,1,576769
EMP10145,31,Female,Marketing,Brand Manager,Bachelor's,3071.23,3,3.0,3,11.9,No,2018-07-14,No,1,424729
EMP10090,18,Male,Finance,Analyst,Bachelor's,3592.59,10,1.0,1,5.8,No,2023-02-01,No,1,842911
EMP11142,38,Male,Sales,Sales Executive,Bachelor's,7351.12,0,3.0,3,4.4,No,2018-05-30,No,1,747357
EMP10392,38,Female,Marketing,Brand Manager,Bachelor's,5335.52,5,4.0,1,0.5,No,2017-08-03,No,1,895823
EMP10900,42,Male,Marketing,Brand Manager,High School,1240.9,5,1.0,1,3.0,No,2016-10-09,No,1,569389
EMP10682,34,Female,HR,HR Manager,Bachelor's,6403.21,8,4.0,3,3.1,No,2021-12-18,No,1,583934
EMP10310,44,Male,Sales,Sales Executive,PhD,2602.76,4,2.0,3,4.0,No,2020-02-11,No,1,875643
EMP10359,43,Female,Marketing,Brand Manager,Bachelor's,7504.7,2,4.0,3,4.3,no,2015-10-27,No,1,351843
EMP10093,39,Male,Finance,Analyst,Master's,,2,3.0,1,1.3,No,2021-08-18,No,1,814271
EMP11065,47,Female,Marketing,Brand Manager,PhD,2769.0,9,4.0,1,11.0,No,2020-03-15,No,1,326334
EMP11050,30,Male,Support,Support Executive,High School,8923.43,1,2.0,3,0.5,No,2022-07-07,Yes,1,143462
EMP10376,29,Female,HR,HR Manager,High School,6913.1,2,2.0,1,0.5,No,2017-06-22,No,1,218793
EMP10243,33,Female,Finance,Accountant,Bachelor's,1538.95,0,3.0,1,0.5,No,2017-01-30,Yes,1,505980
EMP11104,42,Male,Marketing,Brand Manager,Bachelor's,6538.2,6,4.0,1,1.5,No,2023-06-29,No,1,378651
EMP10087,19,Male,Marketing,Marketing Executive,Bachelor's,3667.32,5,3.0,1,6.2,No,2020-06-14,No,1,761615
EMP10214,35,Female,HR,HR Manager,,5284.24,10,4.0,4,10.5,No,2024-01-17,No,1,572230
EMP10444,41,Male,Support,Support Executive,Bachelor's,5381.03,3,3.0,1,3.9,Yes,2020-08-25,No,1,739128
EMP10173,20,Male,Engineering,Senior Engineer,High School,5482.61,2,,4,5.1,No,2016-02-06,Yes,1,946967
EMP11186,18,Male,HR,HR Manager,Bachelor's,4706.83,2,4.0,1,2.8,No,2015-12-06,No,1,396355
EMP10425,34,Female,Marketing,Brand Manager,Bachelor's,1765.23,0,1.0,2,10.8,No,2022-08-19,No,1,176297
EMP11084,18,Male,HR,HR Manager,Bachelor's,4834.46,4,4.0,3,3.9,No,2017-05-10,No,1,371542
EMP10118,33,Male,HR,HR Executive,High School,1200.0,0,4.0,1,12.8,No,2016-03-14,No,1,193072
EMP10119,42,Female,Finance,Accountant,Bachelor's,3518.03,5,1.0,2,16.7,No,2023-05-04,Yes,1,980769
EMP10974,35,Female,Support,Support Lead,Bachelor's,7837.09,8,3.0,3,5.4,No,2019-12-01,No,1,978128
EMP99004,24,Male,Support,Support Lead,High School,4764.93,3,1.0,1,2.9,No,2022-09-09,No,1,975807
EMP10000,25,Male,Sales,Sales Manager,Master's,7569.24,0,4.0,3,11.3,Yes,2025-02-24,No,1,550316
EMP10394,27,Male,Finance,Analyst,High School,4529.11,10,2.0,3,3.0,No,2016-01-31,Yes,1,470792
EMP10401,39,Male,Support,Support Lead,Master's,2570.38,20,4.0,2,39.8,Yes,2024-08-30,No,1,717279
EMP10404,28,Female,Support,Support Lead,Bachelor's,7707.05,0,4.0,2,0.9,No,2015-09-06,No,1,286232
EMP10886,29,Female,Finance,Analyst,Bachelor's,4909.13,1,4.0,3,7.8,Yes,2024-04-24,No,1,681398
EMP10898,32,Female,Sales,Sales Manager,Master's,7114.86,1,2.0,4,14.4,No,2018-01-27,No,1,312243
EMP10162,43,Male,Engineering,Senior Engineer,Bachelor's,3902.77,0,3.0,2,13.3,No,2017-04-16,Yes,1,507215
EMP10114,24,Male,Marketing,Marketing Executive,Bachelor's,5242.86,4,2.0,2,17.4,No,2022-11-20,No,1,219048
EMP10670,18,Female,HR,HR Executive,Master's,4265.96,3,3.0,1,9.0,Yes,2024-02-15,No,1,385414
EMP10150,39,Male,Support,Support Lead,,2052.47,0,1.0,3,2.5,No,2024-11-16,No,1,765882
EMP10843,42,Female,HR,HR Manager,Bachelor's,4275.33,0,3.0,1,6.9,No,2018-01-26,No,1,750402
EMP10829,33,Male,Engineering,Software Engineer,Bachelor's,5115.62,0 yrs,1.0,4,6.0,Yes,2017-03-18,No,1,336467
EMP10561,32,Male,Sales,Sales Manager,High School,6464.62,0,2.0,3,6.5,Yes,2016-08-24,No,1,379361
EMP10368,28,Male,Marketing,Brand Manager,Master's,5903.35,1,4.0,1,6.8,No,2020-04-26,No,1,260270
EMP10543,43,Female,Support,Support Executive,Bachelor's,1591.28,0,4.0,2,27.0,No,2016-08-21,No,1,888259
EMP10477,52,Female,Support,Support Executive,Bachelor's,8547.13,0,1.0,3,2.9,No,2021-03-20,No,1,985881
EMP11156,27,Male,Finance,Accountant,Bachelor's,5182.56,2,3.0,2,23.8,No,2016-11-25,Yes,1,556525
EMP10532,29,Female,Finance,Accountant,Bachelor's,4612.75,3,2.0,1,8.4,Yes,2019-08-18,No,1,735948
EMP10625,37,Female,Engineering,QA Engineer,High School,3291.88,1,1.0,3,4.2,Yes,2018-07-12,Yes,1,944623
EMP10692,48,Male,sales,Sales Manager,High School,8549.3,5,,2,15.9,Yes,2020-12-15,No,1,531157
EMP10512,41,Female,HR,HR Manager,,3226.0,0,4.0,1,13.0,No,2016-05-05,No,1,528260
EMP11040,22,Female,Support,Support Lead,Master's,6585.11,2,2.0,2,7.9,No,2015-05-20,No,1,764766
EMP10072,35,Female,Support,Support Lead,High School,5087.12,6,1.0,1,0.6,Yes,2015-02-05,No,1,527951
EMP10807,42,Female,Finance,Accountant,Bachelor's,6022.79,1,3.0,3,4.6,No,2024-10-26,No,1,711601
EMP10258,38,Male,Finance,Analyst,Master's,6619.05,0,,2,0.8,No,2023-10-14,No,1,259234
EMP10624,43,Male,Marketing,Marketing Executive,Master's,4892.25,0,3.0,4,3.9,Yes,2024-08-21,Yes,1,732203
EMP10826,30,Female,Finance,Accountant,Master's,,1,2.0,4,14.6,No,2020-04-07,Yes,1,503525
EMP10234,29,Male,Sales,Sales Executive,Bachelor's,9508.52,0,3.0,1,5.5,No,2018-07-09,No,1,616133
EMP10135,26,Female,Sales,Sales Manager,Bachelor's,4021.79,2,1.0,1,1.5,No,2018-12-28,No,1,564179
EMP10616,34,Female,Support,Support Lead,Bachelor's,4641.2,0,1.0,3,25.4,No,2015-11-17,No,1,855886
EMP10516,43,Female,Sales,Sales Executive,Master's,5061.01,0,4.0,2,15.6,No,2018-08-24,No,1,837746
EMP10918,31,Male,Marketing,Marketing Executive,Master's,4234.52,12,1.0,4,10.5,No,2017-06-30,Yes,1,961010
EMP10836,32,Male,Support,Support Executive,Bachelor's,6639.39,2,4.0,4,2.0,No,2017-11-19,No,1,943608
EMP10842,29,Female,Finance,Analyst,High School,6200.64,2,2.0,4,4.0,Yes,2024-02-03,No,1,807333
EMP10802,43,Female,Support,Support Lead,Bachelor's,3724.68,3,4.0,3,2.3,No,2020-02-10,No,1,473867
EMP10809,27,Female,Engineering,Senior Engineer,Master's,6229.83,0,3.0,2,0.5,No,2019-10-01,No,1,692849
EMP10592,18,Female,Marketing,Marketing Executive,,5199.76,3,4.0,4,21.6,Yes,2018-04-16,No,1,824044
EMP11082,40,Male,Sales,Sales Executive,Bachelor's,10307.06,6,4.0,4,11.9,Yes,2022-05-02,No,1,352023
EMP10501,47,Male,SALES,Support Executive,High School,7561.33,7,4.0,4,0.5,Yes,2017-08-19,No,1,929106
EMP10538,34,Female,Marketing,Brand Manager,Master's,4456.12,12,3.0,3,4.3,No,2016-01-31,Yes,1,977023
EMP10953,26,Female,HR,HR Executive,Bachelor's,10027.16,0,2.0,1,15.9,No,2019-07-15,No,1,116407
EMP10728,32,Female,Engineering,Software Engineer,Bachelor's,7166.8,4,2.0,1,6.4,No,2021-11-02,No,1,919765
EMP10581,40,Female,Support,Support Executive,PhD,6597.0,4,,4,1.7,No,2019-06-15,No,1,974925
EMP10343,33,Female,Finance,Accountant,Master's,6401.45,5,3.0,1,1.3,No,2017-10-31,No,1,322360
EMP10984,39,Female,Engineering,Software Engineer,Bachelor's,7415.73,5,3.0,2,17.5,No,2022-04-01,Yes,1,863057
EMP10897,38,Female,HR,HR Executive,High School,4115.94,1,1.0,4,19.4,No,2015-05-01,No,1,133407
EMP10293,36,Female,Engineering,Software Engineer,Bachelor's,5289.06,4,3.0,3,4.4,Yes,2023-06-10,No,1,343549
EMP10364,38,Female,Sales,Sales Executive,Bachelor's,7899.04,2,3.0,3,7.8,No,2018-05-16,No,1,226026
EMP10905,41,Female,Finance,Analyst,PhD,3973.72,10,2.0,2,6.1,No,2020-04-09,No,1,314088
EMP10659,18,Male,Marketing,Brand Manager,Master's,2467.16,2,4.0,1,11.0,Yes,2024-04-05,Yes,1,615818
EMP10014,29,Male,Marketing,Brand Manager,High School,7845.16,10,1.0,3,27.2,No,2016-06-16,No,1,319485
EMP10686,26,Male,Finance,Accountant,High School,7678.59,2,1.0,2,10.7,No,2021-09-02,No,1,718348
EMP10086,34,Male,Support,Support Executive,High School,5272.48,8,,4,6.3,Yes,2024-05-19,No,1,300124
EMP10370,40,Male,Engineering,Senior Engineer,High School,4798.92,2,1.0,4,9.1,No,2021-02-05,No,1,503681
EMP10165,30,Male,Marketing,Marketing Executive,Bachelor's,6071.58,0,1.0,4,26.2,No,2017-09-26,Yes,1,975110
EMP10131,43,Female,Sales,Sales Executive,High School,5259.88,0,2.0,4,33.1,Yes,2024-09-30,No,1,240181
EMP10335,44,Female,HR,HR Executive,Bachelor's,6710.95,1,3.0,4,27.3,No,2015-10-16,No,1,914054
EMP10059,37,Female,HR,HR Manager,Bachelor's,1595.08,1,1.0,4,0.8,No,2019-08-16,No,1,840323
EMP10709,47,male,Engineering,Senior Engineer,Bachelor's,1200.0,1,3.0,1,36.6,No,2017-10-15,No,1,529953
EMP10939,35,Female,Sales,Sales Manager,Master's,2223.11,5,1.0,4,21.1,Yes,2016-11-13,No,1,624056
EMP10676,20,,HR,HR Executive,Bachelor's,2024.62,1,4.0,2,16.0,No,2019-12-15,No,1,343776
EMP10354,19,Male,Marketing,Marketing Executive,High School,6573.34,1,2.0,1,43.3,Yes,2016-09-19,Yes,1,482902
EMP11021,46,Female,Engineering,Senior Engineer,Bachelor's,5155.15,0,2.0,1,10.4,Yes,2018-04-03,No,1,196562
EMP10424,30,Female,HR,HR Executive,Bachelor's,2713.49,0,3.0,2,8.5,No,2019-02-19,No,1,776669
EMP10292,35,Female,Engineering,Senior Engineer,Bachelor's,2511.82,5,4.0,3,11.1,No,2022-12-01,No,1,495098
EMP10041,44,Female,Support,Support Executive,Bachelor's,71638.17835726916,0 yrs,2.0,1,3.5,No,2015-11-23,No,1,866017
EMP11085,35,Female,Engineering,Senior Engineer,High School,6657.06,1,4.0,2,13.2,Yes,2025-05-18,No,1,546987
EMP10329,34,M,Finance,Accountant,Master's,1200.0,14,2.0,1,8.6,No,2019-05-01,No,1,868781
EMP10614,41,Female,Engineering,Software Engineer,Bachelor's,8023.07,3,1.0,2,0.5,Yes,2019-05-31,No,1,993143
EMP10429,28,Male,Finance,Analyst,PhD,4956.85,4,2.0,1,1.1,Yes,2024-02-12,No,1,832173
EMP10079,44,Female,Finance,Accountant,High School,5209.1,5,1.0,2,13.3,No,2019-06-15,No,1,467164
EMP10693,36,F,Finance,Accountant,Master's,4137.9,0,4.0,4,9.9,No,2016-10-05,No,1,139426
EMP10028,39,Male,Support,Support Lead,High School,,5,4.0,3,8.8,No,2021-09-07,No,1,970284
EMP10707,45,Female,Finance,Accountant,High School,10986.85,3,3.0,4,0.5,No,2018-10-10,No,1,942033
EMP10954,28,Male,Sales,Sales Manager,PhD,5529.03,0,1.0,2,0.5,Yes,2024-06-03,No,1,891573
EMP10948,22,Female,HR,HR Manager,Bachelor's,5224.78,2,4.0,4,0.7,No,2017-10-30,No,1,964089
EMP10890,31,Female,Engineering,Senior Engineer,Master's,6451.44,3,2.0,1,7.4,Yes,2019-11-01,No,1,700632
EMP10254,41,Female,HR,HR Manager,Bachelor's,4775.74,6,4.0,4,21.9,No,2024-01-22,No,1,603609
EMP10160,32,Female,Engineering,QA Engineer,Bachelor's,6354.64,24,1.0,4,16.4,No,2024-07-19,No,1,163932
EMP10458,41,Female,Support,Support Lead,Bachelor's,3188.54,2,1.0,1,10.7,Yes,2019-08-09,No,1,318850
EMP10383,36,Male,Marketing,Marketing Executive,Bachelor's,6016.11,5,4.0,4,0.5,No,2025-05-26,No,1,257336
EMP10313,39,Male,Engineering,Software Engineer,Bachelor's,6241.3,17,3.0,3,1.7,No,2021-01-09,No,1,300732
EMP10084,35,Male,HR,HR Executive,High School,6434.92,3,1.0,1,4.3,No,2024-12-07,No,1,409435
EMP10574,18,Male,Sales,Sales Manager,Bachelor's,1522.04,0,4.0,1,2.0,Yes,2021-08-22,No,1,342991
EMP10762,30,Female,Engineering,QA Engineer,Master's,7361.17,0,4.0,3,2.5,Yes,2019-09-19,Yes,1,773841
EMP10136,22,Male,Marketing,Brand Manager,Bachelor's,4787.23,0,1.0,4,2.1,No,2015-08-29,No,1,694080
EMP10111,35,Female,Finance,Analyst,Master's,9281.35,9,2.0,1,2.2,Yes,2018-07-05,Yes,1,258662
EMP10194,23,Male,Marketing,Marketing Executive,Bachelor's,6949.35,1,4.0,1,4.3,No,2015-07-16,Yes,1,593007
EMP10852,33,Male,Sales,Sales Manager,Bachelor's,2940.54,4,1.0,2,1.4,No,2021-11-18,No,1,453687
EMP10178,42,Female,Marketing,Marketing Executive,High School,2617.35,1,4.0,1,7.2,No,2022-11-25,Yes,1,329729
EMP10555,37,Female,Support,Support Lead,Master's,3634.77,0,3.0,4,619.391390320014,No,2017-02-21,Yes,1,849919
EMP10723,48,Female,Marketing,Brand Manager,Bachelor's,5983.73,2,4.0,3,11.0,No,2020-03-04,Yes,1,174771
EMP10859,40,Male,Finance,Analyst,Bachelor's,5917.01,1,4.0,4,,No,2021-06-08,No,1,985339
EMP10496,30,Female,Support,Support Executive,Master's,1800.03,33,2.0,2,1.8,No,2024-12-13,No,1,986338
EMP10335,44,Female,HR,HR Executive,Bachelor's,6710.95,1,3.0,4,27.3,No,2015-10-16,No,1,914054
EMP10805,23,Female,Marketing,Brand Manager,Master's,1493.48,3,3.0,2,,No,2021-05-01,No,1,822343
EMP10129,20,Female,HR,HR Manager,Master's,5227.62,2,2.0,2,1.1,No,2019-04-26,No,1,976974
EMP10715,30,Male,Marketing,Brand Manager,Master's,1649.53,3,3.0,1,3.3,No,2020-05-01,No,1,225825
EMP10337,37,Male,HR,HR Executive,Master's,8669.79,1,3.0,3,0.5,No,2021-02-18,No,1,750229
EMP10480,36,Female,Sales ,Sales Manager,Bachelor's,7978.88 USD,5,4.0,4,0.5,No,2018-01-24,No,1,872778
EMP10608,18,Female,Finance,Accountant,,2747.18,6,1.0,3,1.1,No,2015-06-10,No,1,600373
EMP10124,35,Female,Support,Support Lead,Master's,9064.15,6,1.0,1,10.7,No,2015-04-11,No,1,506956
EMP10195,35,Female,HR,HR Executive,Bachelor's,3762.03,3,4.0,3,10.1,Yes,2023-12-23,No,1,450900
EMP10226,18,Female,HR,HR Manager,Bachelor's,7285.82,2,,2,0.5,No,2016-12-21,No,1,722573
EMP10689,42,Male,Sales,Sales Executive,Bachelor's,7499.94,6,1.0,4,6.9,No,2024-09-04,No,1,227083
EMP10268,48,Female,Marketing,Marketing Executive,Bachelor's,6602.39,0,1.0,3,16.8,No,2015-09-01,No,1,380672
EMP10152,20,Female,Sales,Sales Executive,Bachelor's,5016.14,3,2.0,3,502.80577520124103,Yes,2018-12-08,No,1,427145
EMP10909,24,Female,Support,Support Executive,Master's,,1,2.0,1,3.1,No,2017-01-30,Yes,1,554185
EMP10584,40,Female,Support,Support Executive,High School,4318.89,7,2.0,2,1.4,No,2020-02-05,Yes,1,774984
EMP11038,41,Female,Support,Support Lead,High School,,5,3.0,3,6.6,No,2019-04-07,No,1,941150
EMP10103,22,Male,Finance,Analyst,Bachelor's,8738.43,7,3.0,2,6.7,No,2021-11-03,No,1,834449
EMP10593,28,Male,Support,Support Lead,Master's,8331.6,1,4.0,4,7.1,Yes,2020-06-04,No,1,502385
EMP11125,31,Male,Marketing,Brand Manager,Bachelor's,3831.79,0,4.0,2,23.6,no,2021-08-11,No,1,537620
EMP10786,34,Female,Finance,Analyst,Master's,4963.75 USD,0,1.0,1,13.8,No,2020-06-11,No,1,572912
EMP10719,32,Female,HR,HR Executive,High School,8733.06,10,4.0,3,4.9,No,2022-03-23,No,1,974232
EMP10884,27,Male,HR,HR Executive,Bachelor's,4676.86,3,2.0,4,2.8,yes,2017-07-16,No,1,315749
EMP10776,38,Male,HR,HR Manager,Bachelor's,1200.0,2,1.0,4,0.8,Yes,2015-05-22,No,1,147071
EMP10956,32,Male,Finance,Accountant,Bachelor's,4647.53,3,4.0,1,583.3508426672988,No,2023-03-02,No,1,907792
EMP10849,31,Female,Support,Support Lead,Master's,7295.29,16,2.0,1,23.6,No,2018-02-11,No,1,660792
EMP10894,33,Female,Engineering,QA Engineer,Master's,3646.7,7,3.0,2,3.6,No,2016-07-19,Yes,1,244711
EMP10227,24,Female,Finance,Analyst,Master's,1200.0,19,3.0,2,5.2,No,2020-03-12,No,1,475220
EMP11173,28,Male,Support,Support Executive,Bachelor's,4432.58,5,3.0,1,,No,2019-12-31,No,1,887730
EMP10301,38,Female,Marketing,Marketing Executive,Master's,5908.13,4,3.0,1,1.3,No,2023-06-16,No,1,925011
EMP10854,24,Female,Support,Support Lead,Bachelor's,4344.32,1,2.0,3,2.1,No,2021-09-30,No,1,294614
EMP10275,47,Male,SALES,Sales Manager,Bachelor's,6035.48,6,4.0,4,0.5,No,2016-10-05,Yes,1,630810
EMP10126,20,Female,Engineering,QA Engineer,High School,2953.58,9,4.0,4,4.7,No,2024-02-19,No,1,320008
EMP10405,37,Female,HR,HR Executive,High School,3719.98,1,2.0,3,0.6,No,2023-01-13,No,1,945983
EMP10775,42,Female,HR,HR Manager,Master's,5211.2,1,1.0,4,2.8,No,2024-04-19,No,1,775340
EMP10821,32,Male,HR,HR Executive,Bachelor's,4685.61,3,1.0,4,3.4,No,2015-05-31,No,1,708189
EMP10711,40,Female,Support,Support Lead,High School,3572.54,8,2.0,4,18.1,No,2024-07-05,No,1,983226
EMP10765,20,Male,Support,Support Lead,Master's,3897.05,0,,4,8.6,No,2019-07-31,No,1,827213
EMP10683,26,male,Marketing,Marketing Executive,Bachelor's,8200.39,0,4.0,4,2.4,Yes,2024-03-13,No,1,238340
EMP10749,39,Male,Marketing,Brand Manager,Bachelor's,,0,2.0,2,1.3,No,2024-10-16,No,1,539583
EMP11150,31,male,HR,HR Executive,Master's,6035.91,2,3.0,3,8.7,No,2020-02-13,No,1,916861
EMP10036,48,Male,Finance,Analyst,PhD,3691.05,8,3.0,3,5.3,No,2019-12-27,No,1,481422
EMP10139,26,Female,Engineering,QA Engineer,Bachelor's,3589.97,9,3.0,3,5.8,No,2020-05-01,No,1,530151
EMP10303,62,Male,Marketing,Brand Manager,Master's,4999.44,1,1.0,2,7.1,No,2016-12-15,No,1,225104
EMP10267,43,Male,HR,HR Manager,Bachelor's,6768.76,2,4.0,3,14.0,Yes,2018-12-17,No,1,489697
EMP10834,33,Male,HR,HR Executive,PhD,6723.59,4,3.0,1,5.8,Yes,2020-10-31,No,1,292529
EMP10533,33,,Support,Support Lead,High School,2398.1 USD,3,3.0,1,5.8,Yes,2024-11-12,No,1,331427
EMP10545,27,Female,HR,HR Executive,Bachelor's,1995.45 USD,1,4.0,4,6.0,No,2018-07-11,No,1,219206
EMP10212,36,Male,Marketing,Marketing Executive,Bachelor's,5103.32,2,1.0,2,6.1,No,2019-01-14,No,1,360865
EMP10896,19,Male,Marketing,Brand Manager,Master's,1902.28,3,1.0,2,1.5,Yes,2023-08-01,No,1,896107
EMP10468,28,Female,Marketing,Marketing Executive,Bachelor's,4793.05,0,3.0,3,4.3,No,2024-01-30,No,1,791155
EMP10198,23,Female,Finance,Analyst,Master's,11786.36,8,1.0,2,6.9,No,2016-05-11,No,1,474280
EMP11052,42,Male,Engineering,Software Engineer,Bachelor's,3739.2,0,4.0,4,27.8,Yes,2016-06-17,No,1,754984
EMP10867,18,Male,Engineering,Software Engineer,Master's,3086.46,3,1.0,2,0.5,No,2018-08-31,No,1,328675
EMP10672,33,Female,Engineering,Software Engineer,,,5,1.0,4,1.5,No,2018-08-22,No,1,787421
EMP10916,32,Female,Sales,Sales Manager,Bachelor's,9572.39,1,2.0,3,10.6,Yes,2022-09-11,No,1,945890
EMP10527,33,Female,Sales,Sales Manager,Bachelor's,3354.48,0,1.0,3,1.7,Yes,2019-09-13,No,1,919370
EMP10675,44,F,Engineering,Senior Engineer,Master's,3202.71,0,3.0,2,19.2,No,2016-03-14,No,1,856217
EMP11078,29,Female,Sales ,Sales Executive,Master's,6219.07,1,2.0,2,4.1,No,2015-08-10,No,1,346436
EMP10814,41,Female,Engineering,Senior Engineer,Bachelor's,3059.63,0,4.0,2,8.6,No,2018-02-16,No,1,390089
EMP10241,39,Female,Engineering,Senior Engineer,Bachelor's,6047.61,5,4.0,1,14.6,No,2022-01-16,No,1,643549
EMP10342,29,Male,Support,Support Lead,High School,7807.7,9,1.0,4,10.5,No,2019-04-29,No,1,336692
EMP10549,51,Female,Sales,Sales Executive,Bachelor's,4726.22,11,2.0,3,1.0,No,2017-05-28,No,1,186754
EMP10386,37,Male,Engineering,Software Engineer,Bachelor's,8645.53,8,3.0,2,16.7,No,2018-01-26,No,1,707800
EMP11129,40,Male,Finance,Analyst,Bachelor's,9585.68,2,2.0,1,3.7,No,2015-10-08,No,1,289483
EMP10966,38,Male,Sales,Sales Manager,Bachelor's,7139.46,8,1.0,4,19.9,No,2016-01-12,No,1,899389
EMP10206,37,Female,Sales,Sales Manager,Bachelor's,4726.65,0,4.0,3,17.7,Yes,2016-10-07,No,1,946055
EMP10295,30,Male,Support,Support Executive,Master's,4021.93,0,2.0,3,20.6,Yes,2015-05-27,No,1,438884
EMP10695,27,Female,Marketing,Brand Manager,Bachelor's,,1,1.0,4,0.5,Yes,2016-05-03,Yes,1,219951
EMP11063,48,Female,HR,HR Executive,Bachelor's,5566.29,6,1.0,4,0.5,No,2018-03-10,Yes,1,725923
EMP10073,25,Female,Engineering,Software Engineer,Bachelor's,1408.36,0,2.0,4,5.9,No,2018-01-11,No,1,328836
EMP10605,29,Female,HR,HR Manager,Bachelor's,2976.68,0,1.0,1,0.7,No,2019-11-09,Yes,1,634005
EMP10104,29,Male,Engineering,QA Engineer,Master's,3141.68,9,1.0,1,4.1,Yes,2023-09-24,No,1,505539
EMP11028,18,Male,HR,HR Executive,,7328.95,10,3.0,1,2.8,No,2018-06-17,No,1,691316
EMP11120,28,Female,HR,HR Manager,Bachelor's,4135.06,1,2.0,3,30.9,No,2024-03-24,No,1,458128
EMP11197,20,Male,Support,Support Lead,Master's,5745.86,6,2.0,1,30.4,No,2022-03-13,No,1,515117
EMP10016,43,Female,Support,Support Executive,High School,5155.4,2,2.0,4,2.4,No,2024-09-26,No,1,236385
EMP10439,49,Male,Support,Support Executive,Master's,6291.37,5,3.0,4,6.6,Yes,2019-09-03,Yes,1,375832
EMP10091,35,M,HR,HR Executive,Bachelor's,6486.31,5,4.0,4,1.3,Yes,2024-02-05,No,1,127049
EMP10088,21,Female,Finance,Analyst,High School,5725.62,11,2.0,1,10.5,No,2017-02-24,Yes,1,446407
EMP11062,36,Male,Engineering,QA Engineer,Bachelor's,3561.4,3,1.0,1,3.6,No,2015-07-06,No,1,283393
EMP10908,33,Male,Engineering,QA Engineer,Bachelor's,5039.78,3,3.0,4,13.5,No,2024-02-25,Yes,1,905295
EMP10450,28,Female,Finance,Accountant,Bachelor's,7448.51,7,4.0,2,8.3,No,2025-01-22,Yes,1,223219
EMP10717,41,Female,Engineering,QA Engineer,High School,1200.0,0,2.0,3,3.0,No,2016-06-08,No,1,960325
EMP10102,35,Female,Finance,Analyst,PhD,3609.75,8,2.0,4,9.6,No,2024-08-11,No,1,309856
EMP10238,46,Female,HR,HR Executive,Master's,5535.48,16,2.0,2,1.7,No,2016-07-27,No,1,654798
EMP10068,31,Female,HR,HR Manager,High School,4959.32,0,3.0,4,0.5,Yes,2024-12-26,Yes,1,986140
EMP10942,24,Male,HR,HR Manager,Master's,4853.81,2,2.0,2,35.4,Yes,2022-04-20,Yes,1,373419
EMP10246,31,Female,Engineering,QA Engineer,Master's,6355.88,1,2.0,1,4.8,No,2020-02-22,No,1,415899
EMP10938,42,Male,Finance,Accountant,Bachelor's,4318.41,7,1.0,1,1.8,Y,2020-10-18,No,1,228784
EMP11195,29,Male,Finance,Analyst,Bachelor's,4338.62,0,1.0,1,0.8,Yes,2016-11-21,No,1,700845
EMP10157,41,Female,Sales,Sales Manager,Master's,8086.11,3,1.0,1,1.1,No,2020-08-05,No,1,783969
EMP10479,31,Female,HR,HR Manager,Bachelor's,3059.68,2,4.0,2,5.5,No,2015-03-27,No,1,600052
EMP10838,37,Male,Finance,Analyst,Bachelor's,2617.52 USD,3,3.0,2,0.6,Yes,2016-10-31,No,1,805503
EMP10645,21,Female,HR,HR Manager,Bachelor's,4622.28,0,,1,5.2,Yes,2018-07-04,Yes,1,398988
EMP10005,21,Female,Finance,Accountant,High School,4796.72,1,3.0,3,2.9,Y,2023-11-24,No,1,608711
EMP11103,30,Male,Support,Support Lead,Bachelor's,1452.89,3,4.0,3,3.2,Yes,2023-02-17,No,1,197154
EMP10871,35,Female,Support,Support Executive,Master's,8641.56,2,2.0,4,15.9,Yes,2018-10-17,No,1,624439
EMP10965,43,Female,Marketing,Brand Manager,Bachelor's,4872.34,0,2.0,2,3.6,No,2015-01-13,No,1,980960
EMP10018,23,Female,HR,HR Executive,Bachelor's,9132.04,4,1.0,4,0.9,No,2016-08-05,No,1,352457
EMP11025,48,Female,Finance,Accountant,Bachelor's,4222.71,2,1.0,3,2.1,No,2025-05-11,No,1,208860
EMP10121,44,,HR,HR Manager,Bachelor's,5649.57,2,4.0,4,4.4,No,2018-12-29,No,1,515635
EMP10946,31,Female,Support,Support Lead,Bachelor's,7468.84,0,1.0,2,4.8,No,2022-06-04,No,1,672678
EMP10661,18,Female,Marketing,Brand Manager,Bachelor's,8206.57,0,2.0,1,6.0,No,2020-06-07,No,1,829561
EMP11024,38,Male,Finance,Analyst,Bachelor's,5257.96,0,2.0,1,9.2,Yes,2017-02-27,Yes,1,725508
EMP10274,44,Female,Finance,Accountant,Bachelor's,7109.99,1,1.0,3,1.1,No,2022-04-30,No,1,397223
EMP10433,26,Male,HR,HR Executive,Bachelor's,6211.62,10,2.0,4,,No,2022-06-20,No,1,195742
EMP10811,36,Male,Support,Support Executive,Bachelor's,5741.88,0,3.0,3,3.6,No,2016-03-13,Yes,1,884662
EMP11155,27,Male,Engineering,Senior Engineer,High School,6929.38,0,3.0,4,11.9,Yes,2016-04-23,No,1,789645
EMP10311,29,Male,HR,HR Executive,High School,3487.93,2,4.0,4,27.2,Yes,2019-11-26,Yes,1,639656
EMP11139,46,Male,Marketing,Marketing Executive,Bachelor's,4827.58,11,1.0,2,12.8,No,2024-02-14,No,1,227202
EMP11151,37,Male,Engineering,Senior Engineer,High School,10826.3 USD,2,2.0,2,4.0,No,2016-07-17,No,1,464942
EMP10780,34,Male,Marketing,Marketing Executive,Bachelor's,7779.18,0,,2,16.6,Yes,2024-11-04,No,1,954216
EMP10546,32,Male,Engineering,Software Engineer,Bachelor's,5871.24,6,3.0,3,14.2,No,2021-11-11,No,1,762343
EMP10181,25,Female,Finance,Analyst,Bachelor's,1477.53 USD,2,4.0,2,3.3,Yes,2020-01-06,No,1,740267
EMP10184,24,Female,Engineering,QA Engineer,Bachelor's,5824.11,2,1.0,1,30.1,Yes,2024-06-04,No,1,154384
EMP10406,37,Female,Sales,Sales Manager,Master's,,1,4.0,2,9.2,No,2015-01-12,No,1,779718
EMP10865,31,Male,Sales,Sales Executive,Master's,6290.87,1,1.0,3,18.6,No,2019-03-04,No,1,799757
EMP10520,22,Male,Marketing,Brand Manager,,4093.89,4,1.0,1,14.4,Yes,2017-12-06,No,1,895047
EMP11003,33,Female,Finance,Accountant,PhD,3958.59,7,3.0,3,11.9,No,2023-09-02,No,1,914224
EMP10380,36,Male,Engineering,Senior Engineer,Master's,3656.79,3,3.0,4,14.1,No,2023-10-23,No,1,725833
EMP10427,21,Female,Engineering,Senior Engineer,High School,5383.06,0,1.0,3,6.6,No,2016-12-13,Yes,1,126668
EMP10078,18,Male,HR,HR Manager,Bachelor's,7690.54,0,1.0,4,0.7,No,2024-02-03,No,1,776495
EMP11009,32,Male,Finance,Analyst,Bachelor's,7534.96,2,3.0,3,2.6,No,2025-03-15,No,1,875509
EMP10190,31,Female,HR,HR Executive,Bachelor's,4981.16,0,2.0,2,9.6,No,2015-05-02,Yes,1,471986
EMP10607,37,Male,Support,Support Executive,Bachelor's,8212.17,6,3.0,2,13.9,No,2022-11-30,No,1,338383
EMP11080,24,Male,HR,HR Executive,Bachelor's,8147.17,0,1.0,4,0.5,No,2021-05-23,No,1,360769
EMP11109,42,Male,Finance,Analyst,Master's,5879.49,14,,3,1.6,Yes,2015-09-17,No,1,760977
EMP10537,39,Male,Support,Support Lead,Bachelor's,8450.45,0,4.0,4,0.5,No,2023-01-30,No,1,151861
EMP10958,21,Female,HR,HR Manager,High School,6918.48,14,2.0,4,22.4,No,2023-08-26,No,1,898646
EMP10559,32,Male,Engineering,Senior Engineer,Master's,5951.78,2,3.0,2,26.5,No,2023-04-25,No,1,232955
EMP10846,30,Female,Sales,Sales Executive,Master's,5496.3,3,4.0,3,4.2,No,2020-03-24,No,1,352879
EMP10690,45,Male,Engineering,Senior Engineer,Master's,5796.42,2,2.0,3,3.7,No,2015-04-25,No,1,218928
EMP11184,32,Male,Support,Support Lead,Bachelor's,3509.44,4,2.0,2,3.2,No,2021-11-08,No,1,415338
EMP11137,24,Female,Finance,Accountant,Master's,5202.76,5,,1,11.0,No,2016-03-18,No,1,284336
EMP10436,44,Female,HR,HR Executive,,4980.4,4,2.0,4,3.3,Yes,2015-07-21,No,1,592446
EMP10490,28,Male,Finance,Analyst,High School,4095.13,0,2.0,4,3.0,Yes,2015-07-17,No,1,882397
EMP99008,30,Male,SALES,QA Engineer,Bachelor's,9190.32,3,4.0,2,7.7,No,2020-06-13,No,1,491908
EMP11118,42,Male,Engineering,Senior Engineer,PhD,6906.07,6,4.0,3,15.4,No,2022-10-19,No,1,429447
EMP10069,45,Female,HR,HR Executive,Bachelor's,4960.87,1 yrs,3.0,2,1.0,Yes,2020-02-07,No,1,454712
EMP10808,47,Male,Sales,Sales Manager,High School,5129.98,4,1.0,2,10.4,No,2020-01-08,No,1,226142
EMP10011,30,Female,Support,Support Executive,High School,6011.89,0,1.0,3,3.6,No,2016-11-12,Yes,1,544591
EMP10144,37,Male,Engineering,QA Engineer,Bachelor's,3719.13,1,3.0,4,2.3,No,2019-12-23,Yes,1,736373
EMP10917,34,Female,Finance,Analyst,Bachelor's,6185.57,1,4.0,3,0.5,No,2021-02-19,No,1,360245
EMP10639,44,Female,Sales,Sales Manager,Master's,5191.38,7,3.0,2,7.0,No,2018-11-25,No,1,278567
EMP10176,41,Male,Finance,Accountant,PhD,43532.99875304384,7,1.0,1,1.5,No,2018-02-26,No,1,623654
EMP10994,32,Male,Sales ,HR Manager,Bachelor's,6956.86,10,2.0,3,11.4,No,2017-01-17,No,1,292926
EMP10440,32,Male,Sales ,Support Executive,Master's,,1,3.0,2,0.6,No,2016-05-18,Yes,1,407765
EMP10521,45,Male,Finance,Accountant,Bachelor's,4813.39,1,2.0,4,52.3,No,2022-09-24,No,1,100946
EMP11004,32,Female,HR,HR Manager,High School,2324.82,6,2.0,2,8.2,No,2023-12-30,No,1,728080
EMP10143,18,Female,Engineering,Senior Engineer,Bachelor's,,4,3.0,1,12.2,Yes,2018-05-31,No,1,576451
EMP10753,22,Male,HR,HR Executive,Master's,7391.48,3,1.0,1,0.5,No,2024-05-04,No,1,296501
EMP10519,28,Female,Finance,Analyst,PhD,4029.11,1,3.0,2,1.6,Yes,2019-08-10,No,1,231024
EMP10822,30,Female,Marketing,Marketing Executive,Bachelor's,3480.57,1,4.0,2,2.1,No,2024-12-26,No,1,786868
EMP10428,22,Male,HR,HR Manager,High School,6232.91,25,2.0,1,2.2,No,2022-07-20,Yes,1,525991
EMP10612,38,Female,HR,HR Executive,High School,2503.05 USD,4,3.0,4,26.0,No,2022-01-30,Yes,1,629882
EMP11032,41,Female,Support,Support Lead,PhD,8837.98,3,4.0,4,24.3,No,2016-11-13,No,1,542691
EMP10156,32,Male,Marketing,Marketing Executive,,,5,2.0,3,2.3,No,2019-03-08,Yes,1,176547
EMP10539,29,Female,Sales ,Sales Manager,Bachelor's,7222.9,5,4.0,4,12.7,No,2018-03-27,No,1,368850
EMP10461,23,Male,Finance,Analyst,Bachelor's,5342.82,9,3.0,4,4.2,Yes,2016-06-24,No,1,739149
EMP10576,36,Male,Marketing,Marketing Executive,Bachelor's,5388.77,6,2.0,2,0.6,No,2015-01-02,No,1,988929
EMP10255,33,Male,Finance,Analyst,Bachelor's,9108.78,2,3.0,3,4.5,Yes,2015-04-24,Yes,1,874506
EMP10979,29,Male,sales,HR Manager,Master's,11259.98,1,3.0,4,8.0,No,2017-01-04,No,1,707358
EMP11006,44,Male,Sales,Sales Executive,Master's,3050.0,8,4.0,2,,No,2015-01-04,No,1,775113
EMP10560,26,Male,HR,HR Manager,Bachelor's,4262.79,4,2.0,3,6.4,No,2018-10-31,No,1,849165
EMP10208,37,Male,HR,HR Manager,Bachelor's,6231.57,5,1.0,2,15.1,Yes,2022-06-21,No,1,787597
EMP10910,26,Female,Finance,Analyst,Bachelor's,7030.22,0,3.0,4,5.1,No,2019-03-29,No,1,851272
EMP10001,35,male,HR,HR Executive,High School,7979.93,4,2.0,1,0.7,No,2016-09-19,No,1,782278
EMP10269,34,Male,Finance,Analyst,Bachelor's,3771.25,12,4.0,2,16.3,No,2017-03-26,No,1,385949
EMP10265,41,Male,Sales,Sales Executive,,6361.29,0,2.0,3,3.8,No,2022-11-01,No,1,359027
EMP10914,32,Male,HR,HR Executive,Bachelor's,2632.59,0,3.0,1,13.6,No,2019-05-28,Yes,1,779647
EMP10230,29,Male,Support,Support Lead,Bachelor's,6970.82,5,3.0,3,10.5,No,2022-11-13,No,1,152286
EMP10817,24,Male,Marketing,Brand Manager,Bachelor's,6734.27,10,1.0,1,2.1,Yes,2021-12-29,No,1,656348
EMP11033,45,Female,HR,HR Manager,Bachelor's,,3,,4,2.4,No,2020-07-30,No,1,463000
EMP10864,29,Male,Marketing,Marketing Executive,Bachelor's,7783.58,2,2.0,3,0.5,No,2016-03-04,No,1,538830
EMP11066,34,Male,Marketing,Marketing Executive,Bachelor's,5978.11,1,4.0,2,4.1,Yes,2024-09-17,Yes,1,300095
EMP10873,32,Female,Engineering,QA Engineer,,6528.61,3,3.0,2,23.2,No,2024-06-10,No,1,192020
EMP11089,33,Male,Engineering,Senior Engineer,Bachelor's,5114.98,1,4.0,4,6.2,No,2022-04-27,No,1,937256
EMP10398,33,Female,HR,HR Executive,PhD,7737.79,1,4.0,4,9.2,Yes,2020-10-16,No,1,457692
EMP11112,42,Female,Marketing,Brand Manager,Bachelor's,,5,2.0,2,1.2,Yes,2024-03-16,No,1,468460
EMP10045,36,Male,Sales,Sales Manager,Bachelor's,,1,4.0,3,18.3,No,2024-11-15,No,1,629475
EMP10161,37,Male,Support,Support Executive,PhD,5504.4,1,3.0,4,7.2,No,2017-08-06,No,1,793173
EMP10991,29,Male,Sales,Sales Manager,Bachelor's,4404.61,8,1.0,2,1.0,N,2016-10-14,No,1,358704
EMP10727,63,Female,SALES,Marketing Executive,Bachelor's,2634.89,2,2.0,4,1.0,No,2021-03-30,No,1,658066
EMP10629,33,Male,Marketing,Brand Manager,Master's,2297.77,1,3.0,2,20.8,No,2018-09-02,No,1,630035
EMP10288,30,Male,Marketing,Brand Manager,Bachelor's,8989.21,3,1.0,1,6.3,No,2021-03-21,No,1,163933
EMP11059,48,Female,Marketing,Marketing Executive,High School,7784.37,0 yrs,3.0,1,33.5,No,2022-11-17,Yes,1,622921
EMP11192,24,Male,Marketing,Marketing Executive,Master's,4901.18,7,3.0,2,7.8,Yes,2015-07-08,No,1,273070
EMP10575,22,Male,Support,Support Lead,High School,9008.86,1,1.0,2,5.3,No,2017-02-04,No,1,956844
EMP10850,30,Female,Finance,Accountant,Bachelor's,9643.75,6,2.0,2,7.1,No,2024-08-31,No,1,120900
EMP10911,23,Male,Marketing,Marketing Executive,Master's,6667.24,7,4.0,3,17.3,No,2017-11-25,No,1,600542
EMP11105,29,Female,HR,HR Manager,High School,3600.79,11,4.0,3,3.1,Yes,2021-03-01,No,1,998939
EMP10932,34,Female,Support,Support Executive,Bachelor's,5789.84,2,2.0,3,25.3,Y,2018-06-03,No,1,928866
EMP11100,26,Female,Finance,Accountant,Bachelor's,5902.0,8,3.0,3,12.7,No,2019-12-16,No,1,104734
EMP10247,50,Female,Support,Support Lead,Bachelor's,7993.85,1,1.0,2,7.8,Yes,2025-05-02,No,1,174185
EMP10476,31,Male,Marketing,Brand Manager,Bachelor's,6064.92,12,3.0,3,2.2,No,2015-07-30,Yes,1,289629
EMP10085,22,Male,Engineering,Senior Engineer,Bachelor's,4604.72,6,2.0,2,0.5,No,2022-01-03,No,1,545955
EMP10469,32,Female,Finance,Analyst,Bachelor's,1988.89,3,4.0,1,7.1,No,2017-02-08,No,1,927456
EMP10225,37,Male,Support,Support Executive,High School,5426.07,0,2.0,4,28.2,No,2023-11-02,Yes,1,632918
EMP10774,26,Female,HR,HR Manager,High School,6851.83,2,1.0,4,,No,2015-03-25,Yes,1,954425
EMP10331,20,Female,Support,Support Lead,Bachelor's,8587.63,5,4.0,4,3.7,No,2020-06-29,No,1,568770
EMP10233,29,Female,Marketing,Brand Manager,Bachelor's,6855.72,3,1.0,3,3.4,Yes,2018-11-29,Yes,1,273722
EMP10588,44,Male,Finance,Analyst,Master's,7680.35,8,2.0,3,7.1,Yes,2018-04-07,No,1,421315
EMP10475,36,Male,Sales ,Sales Executive,Bachelor's,2606.88,1,4.0,1,,No,2023-01-10,No,1,208257
EMP10599,36,Female,Marketing,Marketing Executive,Bachelor's,5361.39,8,3.0,4,2.8,No,2018-09-26,No,1,511987
EMP10421,43,Female,Marketing,Brand Manager,Bachelor's,6486.28,1,1.0,3,0.5,No,2024-05-08,No,1,314051
EMP10182,18,Female,HR,HR Executive,High School,3160.17,0,3.0,3,15.7,No,2023-06-07,No,1,725374
EMP10988,45,Female,Engineering,QA Engineer,Bachelor's,6665.76,10,4.0,3,3.3,Yes,2017-12-10,Yes,1,994139
EMP11000,18,Male,HR,HR Manager,Bachelor's,,16,4.0,4,4.1,No,2020-04-25,Yes,1,625723
EMP10049,43,Male,HR,HR Executive,Bachelor's,1470.91,0,2.0,4,32.4,Yes,2021-12-15,No,1,207705
EMP11144,28,Female,Support,Support Executive,Bachelor's,8138.58,4,1.0,4,7.8,No,2022-03-06,No,1,788361
EMP11029,37,Male,Support,Support Lead,Bachelor's,7603.2,6,4.0,4,0.5,No,2023-05-09,No,1,521364
EMP10529,42,Male,Marketing,Brand Manager,Bachelor's,7250.92,2,4.0,1,2.9,No,2024-08-21,No,1,109358
EMP10486,20,Male,Sales,Sales Executive,Bachelor's,5512.17,4,4.0,3,5.1,No,2021-10-01,Yes,1,893570
EMP10497,40,Female,Finance,Accountant,PhD,3573.62,10,4.0,4,3.5,No,2023-02-24,No,1,201057
EMP10106,31,Male,HR,HR Manager,Bachelor's,2104.02,0,1.0,1,,No,2019-05-29,No,1,101122
EMP10443,37,Male,Engineering,QA Engineer,Bachelor's,4856.05,4,2.0,4,3.4,No,2015-08-31,No,1,274413
EMP10646,23,Female,Engineering,QA Engineer,High School,6872.09,11,2.0,2,6.5,No,2020-06-18,No,1,712868
EMP11036,26,Female,Marketing,Brand Manager,Master's,5829.79,8,1.0,4,2.1,No,2016-11-23,No,1,822541
EMP10726,30,Male,HR,HR Executive,Bachelor's,6425.93,4,1.0,4,9.7,Yes,2017-09-02,No,1,151102
EMP10190,31,Female,HR,HR Executive,Bachelor's,4981.16,0,2.0,2,9.6,No,2015-05-02,Yes,1,471986
EMP10282,29,Female,Engineering,Senior Engineer,Bachelor's,,1,4.0,4,5.7,Yes,2020-11-09,No,1,777600
EMP10029,32,Male,Support,Support Lead,Bachelor's,5888.33,3,1.0,1,,Yes,2020-04-03,No,1,429752
EMP10169,30,Female,Sales,Sales Manager,Bachelor's,7464.28,12,3.0,4,11.7,Yes,2017-12-17,No,1,659675
EMP11001,38,Male,sales,Sales Executive,Master's,2484.9,8,3.0,4,10.2,No,2020-01-22,No,1,255866
EMP10100,38,Female,Support,Support Lead,Bachelor's,1200.0,2,3.0,3,2.0,No,2021-05-07,No,1,567546
EMP10197,40,Male,Engineering,Senior Engineer,Bachelor's,9716.18,4,3.0,2,15.5,Yes,2019-06-19,No,1,408384
EMP10495,35,Female,Finance,Analyst,Bachelor's,2492.35,1,4.0,2,4.3,No,2024-02-07,Yes,1,897095
EMP10647,200,Male,HR,HR Manager,Bachelor's,3263.68,4,2.0,4,9.6,Yes,2015-04-09,Yes,1,889575
EMP10987,35,Female,Engineering,Senior Engineer,High School,1901.36,3,1.0,3,5.3,No,2023-09-08,No,1,772551
EMP10044,31,Male,Engineering,QA Engineer,Bachelor's,7847.89,2,3.0,2,0.6,No,2024-10-14,No,1,216402
EMP10710,31,Male,Marketing,Brand Manager,Bachelor's,4482.33,0,3.0,1,7.2,Yes,2021-08-11,No,1,714768
EMP10373,37,Male,Support,Support Lead,Bachelor's,6738.29,1,1.0,3,3.6,Yes,2021-11-27,No,1,242350
EMP10678,46,Female,Sales,Sales Manager,Bachelor's,5933.35,4,1.0,1,5.0,No,2024-10-18,No,1,692867
EMP10566,46,Male,Marketing,Brand Manager,,9939.18,1,,4,0.5,Yes,2022-04-26,Yes,1,991689
EMP10847,37,Male,Support,Support Lead,Bachelor's,5357.64,0,2.0,4,7.7,No,2016-06-21,No,1,363922
EMP10460,44,Female,Finance,Accountant,Bachelor's,9021.93,4,1.0,3,3.7,No,2025-05-26,No,1,711121
EMP10039,36,Female,Support,Support Executive,,7172.29,3,4.0,1,2.6,No,2015-02-25,No,1,919573
EMP10434,49,male,Sales,Sales Manager,High School,3282.29,2,2.0,4,1.5,No,2018-05-12,No,1,679213
EMP10973,29,Female,Finance,Accountant,Bachelor's,8536.67,0,3.0,3,3.7,No,2017-06-15,No,1,151873
EMP11007,28,Female,Marketing,Marketing Executive,Bachelor's,4023.51,14,2.0,4,8.4,No,2023-10-29,No,1,731337
EMP10456,45,Male,Marketing,Marketing Executive,Master's,3173.16,1,2.0,1,1.6,Yes,2021-10-28,No,1,166627
EMP10260,39,Female,Marketing,Brand Manager,High School,6365.11,3,3.0,3,13.9,No,2016-01-17,No,1,179794
EMP10035,37,Male,Finance,Accountant,Bachelor's,6015.68,2,4.0,2,5.3,Yes,2020-10-10,No,1,494113
EMP10827,18,Male,Sales,Sales Manager,Master's,1401.53,0,1.0,3,0.9,Yes,2024-12-20,No,1,174171
EMP10309,38,Male,Marketing,Marketing Executive,Bachelor's,4745.74,0,,2,1.4,No,2016-06-03,No,1,478949
EMP10276,27,Male,Engineering,QA Engineer,Master's,3110.64,3,2.0,3,16.1,No,2017-02-28,No,1,764012
EMP10636,37,Male,sales,Support Executive,High School,4076.56,9,2.0,2,6.2,No,2024-12-26,No,1,710098
EMP10654,44,Female,Finance,Accountant,High School,3805.72,2,4.0,3,25.9,No,2015-05-05,No,1,529497
EMP10622,40,Male,Support,Support Executive,High School,5868.83,5,2.0,2,35.4,No,2018-02-19,Yes,1,470732
EMP10844,38,Female,HR,HR Executive,Master's,5434.09,2,2.0,1,4.2,No,2016-08-01,No,1,250669
EMP10393,18,Female,Support,Support Executive,PhD,4441.98,7,1.0,3,5.2,No,2016-11-28,No,1,753174
EMP10107,34,Female,Support,Support Executive,High School,8974.21,1,2.0,2,3.8,No,2018-05-15,No,1,808716
EMP10349,45,Female,Engineering,Senior Engineer,Bachelor's,3957.04,1,3.0,2,5.4,No,2016-11-29,No,1,782534
EMP10524,37,Female,Marketing,Marketing Executive,,7741.38,20,4.0,4,3.5,Yes,2016-08-16,Yes,1,716613
EMP10784,21,Female,sales,Support Executive,Bachelor's,8253.21,4,3.0,4,14.4,No,2022-04-24,Yes,1,626128
EMP10047,44,Female,Engineering,Software Engineer,Master's,2987.74,2,3.0,2,8.3,No,2023-11-05,No,1,553269
EMP10203,28,Male,Finance,Analyst,Master's,7198.12,2,3.0,4,,Yes,2025-03-08,No,1,472759
EMP10021,39,,Engineering,Software Engineer,Bachelor's,8442.28,4,4.0,4,0.5,No,2022-07-11,Yes,1,226305
EMP10402,39,Male,Finance,Accountant,Master's,6835.52,8,4.0,3,8.5,No,2025-05-21,No,1,889277
EMP11107,25,Male,Support,Support Executive,,4482.1,7,3.0,4,14.7,Yes,2019-04-19,No,1,660793
EMP11154,40,Female,Support,Support Executive,Bachelor's,2226.86,3,2.0,3,1.0,No,2018-09-14,No,1,605286
EMP10989,34,Female,Engineering,Senior Engineer,Bachelor's,6977.89,1,2.0,4,3.3,yes,2024-05-14,No,1,639283
EMP10741,39,Female,Support,Support Executive,Master's,,1,2.0,4,1.6,No,2016-04-15,No,1,213982
EMP11147,33,Female,Sales,Sales Manager,Bachelor's,8033.5,0,3.0,1,14.1,No,2019-11-07,No,1,153219
EMP10033,24,Male,SALES,Support Executive,Bachelor's,4023.49,21,1.0,1,2.4,No,2022-07-28,No,1,787530
EMP10787,33,Female,Marketing,Brand Manager,Bachelor's,5577.82,1,1.0,3,12.4,No,2024-05-16,No,1,879283
EMP10923,43,Male,Support,Support Executive,High School,4966.58,2,3.0,4,6.7,No,2015-08-10,No,1,151066
EMP11043,28,Male,HR,HR Executive,High School,6027.76,7,4.0,3,4.5,No,2019-01-09,No,1,657457
EMP11180,33,Female,Engineering,Software Engineer,,1200.0,4,1.0,2,1.1,No,2020-04-07,No,1,944772
EMP10579,40,Male,Finance,Accountant,Bachelor's,1200.0,9,2.0,3,4.3,No,2020-09-14,Yes,1,560209
EMP10481,37,Male,Sales,Sales Manager,Master's,4411.93,0,2.0,3,9.8,Yes,2016-11-15,No,1,641320
EMP10931,49,Female,Engineering,Senior Engineer,Master's,6044.07,0,1.0,2,8.7,No,2017-05-06,Yes,1,119096
EMP10356,41,Female,HR,HR Manager,Bachelor's,1234.74,0,4.0,2,11.3,No,2023-09-13,No,1,275405
EMP10759,27,Male,Sales,Sales Manager,,5369.1,1,3.0,2,0.7,Yes,2016-08-18,No,1,125707
EMP10092,36,Male,HR,HR Executive,Bachelor's,6579.69,3,2.0,4,3.2,No,2019-03-02,No,1,835217
EMP11175,20,Female,Sales,Sales Manager,High School,3408.28,4,1.0,3,11.1,Yes,2023-02-06,No,1,249362
EMP10803,18,Male,HR,HR Executive,High School,4256.59,5,4.0,3,23.4,Yes,2017-10-02,No,1,116977
EMP10745,18,Female,Finance,Analyst,Bachelor's,9060.25,5,,3,8.3,No,2015-07-13,No,1,868972
EMP10279,29,Male,Sales,Sales Executive,Bachelor's,4041.02,5,4.0,1,14.1,No,2023-09-19,No,1,355118
EMP10764,45,Male,Finance,Accountant,Bachelor's,3674.06,2,1.0,2,9.1,No,2024-03-17,No,1,275837
EMP10604,29,Female,HR,HR Executive,Bachelor's,5982.77,3,2.0,1,11.8,No,2022-03-25,No,1,702531
EMP10189,32,Female,HR,HR Manager,Bachelor's,4210.69 USD,7,3.0,2,1.0,No,2020-08-22,Yes,1,357934
EMP10400,33,Male,Marketing,Brand Manager,High School,4628.98,2,4.0,3,3.8,Yes,2023-04-29,No,1,114388
EMP10257,36,Female,Finance,Accountant,Bachelor's,4620.99,8,4.0,1,3.6,No,2021-03-04,No,1,514033
EMP10944,37,Female,Sales,Sales Manager,Bachelor's,5933.91,3,3.0,1,2.6,No,2015-01-02,No,1,216286
EMP11096,41,Female,HR,HR Manager,Bachelor's,4377.2,0,4.0,4,1.8,No,2017-03-12,No,1,305602
EMP11161,60,Male,HR,HR Manager,Bachelor's,4338.94,0,2.0,1,5.0,No,2023-10-12,No,1,441979
EMP10494,22,Female,Support,Support Executive,Bachelor's,5317.63,1 yrs,3.0,3,18.3,Yes,2016-01-27,No,1,135331
EMP10772,30,Male,Engineering,Senior Engineer,Bachelor's,,10,4.0,2,18.6,No,2021-12-26,No,1,401541
EMP10550,999,Female,Support,Support Lead,,6817.44,2,2.0,4,2.3,No,2018-06-18,No,1,733717
EMP10201,38,Male,Engineering,Software Engineer,Bachelor's,,6,3.0,4,8.6,No,2015-05-07,No,1,796544
EMP10312,42,Female,Sales ,Software Engineer,Master's,6700.75,7,4.0,2,,Yes,2018-01-14,Yes,1,812419
EMP10290,18,Male,Marketing,Marketing Executive,Master's,4905.13,0,3.0,1,12.1,No,2016-03-08,No,1,936903
EMP10763,40,Male,Sales,Sales Manager,Bachelor's,,8,1.0,1,10.2,Yes,2021-04-02,No,1,249316
EMP11136,22,Female,Sales ,Sales Executive,High School,5196.01,1,3.0,3,10.6,Yes,2024-10-02,No,1,930595
EMP10949,29,Female,Sales,Sales Executive,Master's,5662.42,1,3.0,2,5.0,No,2023-04-29,Yes,1,108211
EMP10183,29,male,Engineering,Software Engineer,,2087.76,3,1.0,1,10.1,Yes,2020-07-16,No,1,116074
EMP11176,40,Male,Finance,Accountant,Bachelor's,4873.28,1,2.0,3,1.6,No,2019-12-16,No,1,874121
EMP11068,26,Male,Finance,Analyst,Bachelor's,,7,4.0,4,4.7,Yes,2016-03-26,Yes,1,320053
EMP11030,30,Male,HR,HR Manager,Bachelor's,2690.59,4,2.0,4,2.6,No,2016-01-22,No,1,554805
EMP10250,20,Male,Engineering,QA Engineer,Bachelor's,8223.34,0,2.0,2,1.5,No,2020-11-18,No,1,921225
EMP10823,40,Female,Sales,Sales Executive,Bachelor's,6136.87,1,2.0,2,13.3,No,2015-02-02,No,1,758388
EMP11099,27,Female,Finance,Analyst,Bachelor's,4553.37,1,2.0,2,47.5,No,2025-05-05,No,1,251595
EMP10940,18,Female,HR,HR Manager,Bachelor's,7483.75,5,1.0,1,2.1,Yes,2018-11-02,No,1,638545
EMP10391,38,Male,SALES,Accountant,Master's,7404.8,1,3.0,3,0.5,Yes,2017-05-26,No,1,286635
EMP11092,22,Female,HR,HR Manager,Bachelor's,5214.38,9,1.0,4,9.1,Yes,2023-03-05,No,1,480484
EMP11191,46,Female,Finance,Analyst,Bachelor's,2431.51,4,2.0,4,2.0,Yes,2019-07-28,No,1,749579
EMP10904,28,Male,Finance,Analyst,Bachelor's,5116.74,0,1.0,2,3.8,No,2016-11-17,No,1,576375
EMP10730,46,Female,HR,HR Executive,Master's,6719.66,2,2.0,3,1.7,Yes,2019-12-22,No,1,671344
EMP10554,39,Male,Engineering,Software Engineer,Bachelor's,1498.73,2,4.0,2,1.6,No,2015-06-09,Yes,1,205869
EMP10366,33,Female,Support,Support Executive,Bachelor's,,7,4.0,2,1.8,No,2017-08-26,No,1,855825
EMP10345,38,Male,Sales,Sales Executive,Bachelor's,5909.32,2,2.0,1,3.9,Yes,2016-02-13,No,1,618238
EMP10535,50,Female,Marketing,Marketing Executive,Bachelor's,9271.49,4,4.0,1,20.6,Yes,2021-09-07,Yes,1,275749
EMP10664,35,Male,HR,HR Manager,Bachelor's,5766.69,5,4.0,1,1.3,Yes,2015-09-22,Yes,1,346008
EMP10919,22,Female,Support,Support Lead,High School,,9,1.0,4,9.4,Yes,2022-10-19,No,1,543098
EMP10211,19,Female,Sales,Sales Manager,Bachelor's,5538.14,0,,2,1.5,Yes,2019-11-17,Yes,1,431990
EMP10502,20,Female,Finance,Analyst,Master's,,1,4.0,2,2.2,No,2016-09-03,No,1,342396
EMP10537,39,Male,Support,Support Lead,Bachelor's,8450.45,0,4.0,4,0.5,No,2023-01-30,No,1,151861
EMP99000,27,Female,Sales,Sales Executive,Master's,5664.51,0,1.0,4,15.5,Yes,2023-02-05,No,1,795968
EMP10175,18,Female,Support,Support Executive,PhD,6102.37,5,,2,17.2,No,2018-07-19,No,1,675123